incident_id,title,description,service,region,incident_type,customer_impact,detected_by,duration_minutes,affected_users,error_rate,latency_ms,has_data_loss,is_security_related,severity
INC-00001,Orders availability incident in westus,"elevated latency and intermittent request failures. Signals include unavailable, customer impact is broad, and the incident was detected by on_call.",orders,westus,availability,broad,on_call,299,396,0.1735,310,false,false,High
INC-00002,Analytics capacity incident in westus,"health probe warning while core transactions continue. Signals include autoscale lag, customer impact is internal, and the incident was detected by synthetic_monitor.",analytics,westus,capacity,internal,synthetic_monitor,6,777,0.0967,794,false,false,Low
INC-00003,Search availability incident in centralus,"elevated latency and intermittent request failures. Signals include health probe, customer impact is limited, and the incident was detected by log_alert.",search,centralus,availability,limited,log_alert,255,2236,0.0525,1730,false,false,High
INC-00004,Checkout security incident in southeastasia,"security alert with confirmed customer-facing symptoms. Signals include suspicious login, customer impact is broad, and the incident was detected by customer_ticket.",checkout,southeastasia,security,broad,customer_ticket,171,57854,0.3286,2554,false,true,Critical
INC-00005,Payments capacity incident in uksouth,"retry spike with mostly successful automatic recovery. Signals include autoscale lag, customer impact is internal, and the incident was detected by on_call.",payments,uksouth,capacity,internal,on_call,67,167,0.0555,356,false,false,Low
INC-00006,Notifications availability incident in eastus,"health probe warning while core transactions continue. Signals include outage, customer impact is none, and the incident was detected by log_alert.",notifications,eastus,availability,none,log_alert,85,217,0.0787,485,false,false,Low
INC-00007,Analytics dependency incident in centralus,"elevated latency and intermittent request failures. Signals include provider error, customer impact is internal, and the incident was detected by security_alert.",analytics,centralus,dependency,internal,security_alert,280,2061,0.0436,372,false,false,Medium
INC-00008,Support data quality incident in uksouth,"isolated background job delay observed by monitoring. Signals include stale data, customer impact is none, and the incident was detected by on_call.",support,uksouth,data_quality,none,on_call,7,696,0.0865,778,false,false,Medium
INC-00009,Notifications deployment incident in uksouth,"payment authorization failures affecting checkout. Signals include release regression, customer impact is broad, and the incident was detected by on_call.",notifications,uksouth,deployment,broad,on_call,153,10179,0.5008,4708,false,false,Medium
INC-00010,Search capacity incident in westeurope,"possible data exposure under active investigation. Signals include cpu saturation, customer impact is internal, and the incident was detected by security_alert.",search,westeurope,capacity,internal,security_alert,941,54672,0.3891,1849,false,true,Critical
INC-00011,Identity capacity incident in southeastasia,"retry spike with mostly successful automatic recovery. Signals include memory pressure, customer impact is internal, and the incident was detected by on_call.",identity,southeastasia,capacity,internal,on_call,72,540,0.1047,513,false,false,Low
INC-00012,Support deployment incident in eastus,"customer-facing outage with sustained request failures. Signals include rollback, customer impact is limited, and the incident was detected by synthetic_monitor.",support,eastus,deployment,limited,synthetic_monitor,66,7940,0.3742,608,false,false,High
INC-00013,Support availability incident in westus,"payment authorization failures affecting checkout. Signals include unavailable, customer impact is broad, and the incident was detected by log_alert.",support,westus,availability,broad,log_alert,529,8362,0.4723,3884,false,false,Critical
INC-00014,Payments capacity incident in eastus,"deployment regression causing repeated warning alerts. Signals include memory pressure, customer impact is limited, and the incident was detected by customer_ticket.",payments,eastus,capacity,limited,customer_ticket,75,1058,0.0698,2376,false,false,Medium
INC-00015,Payments data quality incident in eastus,"partial feature degradation reported by support. Signals include schema mismatch, customer impact is limited, and the incident was detected by on_call.",payments,eastus,data_quality,limited,on_call,27,422,0.2609,1148,false,false,Low
INC-00016,Analytics data quality incident in centralus,"health probe warning while core transactions continue. Signals include corrupt payload, customer impact is broad, and the incident was detected by log_alert.",analytics,centralus,data_quality,broad,log_alert,78,433,0.0836,828,false,false,Medium
INC-00017,Search latency incident in eastus,"brief warning threshold breach with stable customer traffic. Signals include timeout, customer impact is none, and the incident was detected by customer_ticket.",search,eastus,latency,none,customer_ticket,140,161,0.0068,600,false,false,Low
INC-00018,Orders deployment incident in uksouth,"data consistency errors detected across customer records. Signals include configuration drift, customer impact is broad, and the incident was detected by on_call.",orders,uksouth,deployment,broad,on_call,519,44881,0.6128,9465,false,false,Critical
INC-00019,Notifications capacity incident in westeurope,"brief warning threshold breach with stable customer traffic. Signals include cpu saturation, customer impact is none, and the incident was detected by log_alert.",notifications,westeurope,capacity,none,log_alert,23,9,0.055,656,false,false,Low
INC-00020,Orders latency incident in centralus,"brief warning threshold breach with stable customer traffic. Signals include p95 latency, customer impact is none, and the incident was detected by customer_ticket.",orders,centralus,latency,none,customer_ticket,144,720,0.0363,1087,false,false,Low
INC-00021,Identity capacity incident in centralus,"security alert with confirmed customer-facing symptoms. Signals include autoscale lag, customer impact is broad, and the incident was detected by customer_ticket.",identity,centralus,capacity,broad,customer_ticket,441,15142,0.6969,5225,false,false,Critical
INC-00022,Checkout availability incident in centralus,"health probe warning while core transactions continue. Signals include unavailable, customer impact is limited, and the incident was detected by on_call.",checkout,centralus,availability,limited,on_call,72,165,0.0889,644,false,false,Low
INC-00023,Search latency incident in uksouth,"authentication errors blocking active sessions. Signals include timeout, customer impact is broad, and the incident was detected by on_call.",search,uksouth,latency,broad,on_call,87,10501,0.2623,876,false,false,High
INC-00024,Identity deployment incident in westus,"deployment regression causing repeated warning alerts. Signals include release regression, customer impact is broad, and the incident was detected by security_alert.",identity,westus,deployment,broad,security_alert,110,1728,0.0264,1540,false,false,Medium
INC-00025,Orders deployment incident in westus,"deployment regression causing repeated warning alerts. Signals include configuration drift, customer impact is broad, and the incident was detected by customer_ticket.",orders,westus,deployment,broad,customer_ticket,176,972,0.078,971,false,false,Low
INC-00026,Search security incident in eastus,"regional availability drop with rising support tickets. Signals include suspicious login, customer impact is limited, and the incident was detected by security_alert.",search,eastus,security,limited,security_alert,227,9098,0.0991,5437,false,true,High
INC-00027,Orders data quality incident in centralus,"authentication errors blocking active sessions. Signals include stale data, customer impact is internal, and the incident was detected by on_call.",orders,centralus,data_quality,internal,on_call,577,6856,0.2621,1123,true,false,High
INC-00028,Search security incident in westeurope,"possible data exposure under active investigation. Signals include suspicious login, customer impact is global, and the incident was detected by on_call.",search,westeurope,security,global,on_call,286,29354,0.6786,7111,false,true,Critical
INC-00029,Search capacity incident in westeurope,"elevated latency and intermittent request failures. Signals include autoscale lag, customer impact is limited, and the incident was detected by on_call.",search,westeurope,capacity,limited,on_call,281,1978,0.2264,875,false,false,Medium
INC-00030,Notifications capacity incident in westus,"elevated latency and intermittent request failures. Signals include queue backlog, customer impact is broad, and the incident was detected by synthetic_monitor.",notifications,westus,capacity,broad,synthetic_monitor,43,1042,0.2758,2683,false,false,Medium
INC-00031,Orders security incident in westus,"health probe warning while core transactions continue. Signals include unauthorized access, customer impact is internal, and the incident was detected by synthetic_monitor.",orders,westus,security,internal,synthetic_monitor,32,797,0.051,260,false,true,Low
INC-00032,Search security incident in westeurope,"health probe warning while core transactions continue. Signals include token misuse, customer impact is internal, and the incident was detected by log_alert.",search,westeurope,security,internal,log_alert,134,436,0.0997,641,false,true,Low
INC-00033,Support dependency incident in southeastasia,"elevated latency and intermittent request failures. Signals include provider error, customer impact is internal, and the incident was detected by customer_ticket.",support,southeastasia,dependency,internal,customer_ticket,166,1000,0.0906,1489,false,false,Medium
INC-00034,Search data quality incident in uksouth,"brief warning threshold breach with stable customer traffic. Signals include schema mismatch, customer impact is internal, and the incident was detected by synthetic_monitor.",search,uksouth,data_quality,internal,synthetic_monitor,112,398,0.1086,678,false,false,Low
INC-00035,Analytics deployment incident in uksouth,"deployment regression causing repeated warning alerts. Signals include rollback, customer impact is broad, and the incident was detected by on_call.",analytics,uksouth,deployment,broad,on_call,132,2039,0.077,1965,false,false,Medium
INC-00036,Identity capacity incident in uksouth,"regional availability drop with rising support tickets. Signals include memory pressure, customer impact is broad, and the incident was detected by security_alert.",identity,uksouth,capacity,broad,security_alert,72,3150,0.4014,1661,false,true,High
INC-00037,Analytics capacity incident in centralus,"brief warning threshold breach with stable customer traffic. Signals include autoscale lag, customer impact is limited, and the incident was detected by log_alert.",analytics,centralus,capacity,limited,log_alert,69,854,0.0098,99,false,false,Low
INC-00038,Orders latency incident in westus,"payment authorization failures affecting checkout. Signals include request queue, customer impact is broad, and the incident was detected by on_call.",orders,westus,latency,broad,on_call,289,4536,0.3168,1487,false,false,Critical
INC-00039,Payments capacity incident in westus,"health probe warning while core transactions continue. Signals include queue backlog, customer impact is broad, and the incident was detected by synthetic_monitor.",payments,westus,capacity,broad,synthetic_monitor,11,319,0.0691,1009,false,false,Low
INC-00040,Notifications availability incident in southeastasia,"retry queue growing after dependency timeout. Signals include unavailable, customer impact is limited, and the incident was detected by synthetic_monitor.",notifications,southeastasia,availability,limited,synthetic_monitor,309,208,0.1103,1934,false,false,Medium
INC-00041,Search latency incident in southeastasia,"authentication errors blocking active sessions. Signals include request queue, customer impact is global, and the incident was detected by on_call.",search,southeastasia,latency,global,on_call,201,14670,0.1681,4824,false,false,High
INC-00042,Payments availability incident in centralus,"retry queue growing after dependency timeout. Signals include unavailable, customer impact is broad, and the incident was detected by customer_ticket.",payments,centralus,availability,broad,customer_ticket,257,2374,0.1787,1732,false,false,Medium
INC-00043,Notifications availability incident in uksouth,"partial feature degradation reported by support. Signals include 5xx errors, customer impact is limited, and the incident was detected by customer_ticket.",notifications,uksouth,availability,limited,customer_ticket,25,2156,0.2665,530,false,false,Medium
INC-00044,Checkout security incident in eastus,"regional availability drop with rising support tickets. Signals include suspicious login, customer impact is limited, and the incident was detected by customer_ticket.",checkout,eastus,security,limited,customer_ticket,294,10433,0.412,3573,false,true,High
INC-00045,Notifications availability incident in westus,"partial feature degradation reported by support. Signals include outage, customer impact is internal, and the incident was detected by synthetic_monitor.",notifications,westus,availability,internal,synthetic_monitor,81,3082,0.1593,938,false,false,Medium
INC-00046,Payments dependency incident in westus,"retry queue growing after dependency timeout. Signals include upstream timeout, customer impact is internal, and the incident was detected by customer_ticket.",payments,westus,dependency,internal,customer_ticket,174,97,0.2041,698,false,false,Medium
INC-00047,Support deployment incident in eastus,"elevated latency and intermittent request failures. Signals include configuration drift, customer impact is broad, and the incident was detected by on_call.",support,eastus,deployment,broad,on_call,260,2000,0.1345,935,false,false,High
INC-00048,Checkout latency incident in westus,"regional availability drop with rising support tickets. Signals include timeout, customer impact is limited, and the incident was detected by on_call.",checkout,westus,latency,limited,on_call,356,3191,0.577,1520,false,false,High
INC-00049,Analytics security incident in centralus,"possible data exposure under active investigation. Signals include suspicious login, customer impact is broad, and the incident was detected by customer_ticket.",analytics,centralus,security,broad,customer_ticket,847,8303,0.9075,4304,true,true,Critical
INC-00050,Support latency incident in southeastasia,"health probe warning while core transactions continue. Signals include slow responses, customer impact is internal, and the incident was detected by synthetic_monitor.",support,southeastasia,latency,internal,synthetic_monitor,64,295,0.0848,799,false,false,Low
INC-00051,Orders dependency incident in westeurope,"customer-facing outage with sustained request failures. Signals include provider error, customer impact is limited, and the incident was detected by customer_ticket.",orders,westeurope,dependency,limited,customer_ticket,197,9104,0.4933,1134,false,false,High
INC-00052,Support data quality incident in southeastasia,"widespread outage causing repeated transaction failure. Signals include missing records, customer impact is broad, and the incident was detected by customer_ticket.",support,southeastasia,data_quality,broad,customer_ticket,368,34598,0.5774,8072,false,false,High
INC-00053,Checkout latency incident in southeastasia,"retry queue growing after dependency timeout. Signals include timeout, customer impact is broad, and the incident was detected by on_call.",checkout,southeastasia,latency,broad,on_call,109,1967,0.1549,1991,false,false,High
INC-00054,Analytics data quality incident in centralus,"data consistency errors detected across customer records. Signals include schema mismatch, customer impact is broad, and the incident was detected by customer_ticket.",analytics,centralus,data_quality,broad,customer_ticket,254,23414,0.4734,9017,false,false,High
INC-00055,Analytics availability incident in uksouth,"retry queue growing after dependency timeout. Signals include 5xx errors, customer impact is broad, and the incident was detected by synthetic_monitor.",analytics,uksouth,availability,broad,synthetic_monitor,297,1932,0.1274,948,false,false,Medium
INC-00056,Support deployment incident in southeastasia,"isolated background job delay observed by monitoring. Signals include rollback, customer impact is internal, and the incident was detected by synthetic_monitor.",support,southeastasia,deployment,internal,synthetic_monitor,160,818,0.0287,242,false,false,Low
INC-00057,Payments data quality incident in southeastasia,"security alert with confirmed customer-facing symptoms. Signals include schema mismatch, customer impact is global, and the incident was detected by on_call.",payments,southeastasia,data_quality,global,on_call,823,20927,0.5522,5379,true,false,Critical
INC-00058,Identity deployment incident in eastus,"retry queue growing after dependency timeout. Signals include rollback, customer impact is internal, and the incident was detected by log_alert.",identity,eastus,deployment,internal,log_alert,232,1432,0.2629,2259,false,false,Medium
INC-00059,Identity security incident in westeurope,"payment authorization failures affecting checkout. Signals include token misuse, customer impact is broad, and the incident was detected by customer_ticket.",identity,westeurope,security,broad,customer_ticket,610,12760,0.3077,3186,false,true,Medium
INC-00060,Analytics capacity incident in westeurope,"retry queue growing after dependency timeout. Signals include cpu saturation, customer impact is global, and the incident was detected by log_alert.",analytics,westeurope,capacity,global,log_alert,97,2068,0.2709,697,false,false,High
INC-00061,Analytics capacity incident in southeastasia,"elevated latency and intermittent request failures. Signals include autoscale lag, customer impact is global, and the incident was detected by synthetic_monitor.",analytics,southeastasia,capacity,global,synthetic_monitor,155,1426,0.182,1808,false,false,Medium
INC-00062,Support capacity incident in uksouth,"elevated latency and intermittent request failures. Signals include cpu saturation, customer impact is none, and the incident was detected by synthetic_monitor.",support,uksouth,capacity,none,synthetic_monitor,167,971,0.2142,1957,false,false,Medium
INC-00063,Notifications capacity incident in centralus,"payment authorization failures affecting checkout. Signals include memory pressure, customer impact is limited, and the incident was detected by customer_ticket.",notifications,centralus,capacity,limited,customer_ticket,588,13902,0.363,2025,false,false,Critical
INC-00064,Identity deployment incident in westus,"authentication errors blocking active sessions. Signals include release regression, customer impact is broad, and the incident was detected by customer_ticket.",identity,westus,deployment,broad,customer_ticket,306,707,0.5295,4361,false,false,High
INC-00065,Notifications deployment incident in westeurope,"security alert with confirmed customer-facing symptoms. Signals include configuration drift, customer impact is global, and the incident was detected by customer_ticket.",notifications,westeurope,deployment,global,customer_ticket,483,57724,0.5314,4786,false,false,Critical
INC-00066,Notifications dependency incident in eastus,"payment authorization failures affecting checkout. Signals include third-party failure, customer impact is broad, and the incident was detected by log_alert.",notifications,eastus,dependency,broad,log_alert,95,16676,0.4964,2894,false,false,Medium
INC-00067,Identity capacity incident in southeastasia,"retry queue growing after dependency timeout. Signals include memory pressure, customer impact is internal, and the incident was detected by on_call.",identity,southeastasia,capacity,internal,on_call,40,1305,0.225,316,false,false,Medium
INC-00068,Search availability incident in uksouth,"authentication errors blocking active sessions. Signals include health probe, customer impact is broad, and the incident was detected by customer_ticket.",search,uksouth,availability,broad,customer_ticket,213,8820,0.537,4497,false,false,High
INC-00069,Analytics latency incident in uksouth,"isolated background job delay observed by monitoring. Signals include p95 latency, customer impact is none, and the incident was detected by log_alert.",analytics,uksouth,latency,none,log_alert,8,270,0.0644,545,false,false,Low
INC-00070,Checkout availability incident in uksouth,"authentication errors blocking active sessions. Signals include 5xx errors, customer impact is global, and the incident was detected by on_call.",checkout,uksouth,availability,global,on_call,271,2471,0.3977,4353,true,false,Critical
INC-00071,Orders latency incident in uksouth,"deployment regression causing repeated warning alerts. Signals include slow responses, customer impact is internal, and the incident was detected by customer_ticket.",orders,uksouth,latency,internal,customer_ticket,296,1756,0.1727,812,false,false,Low
INC-00072,Orders security incident in westeurope,"data consistency errors detected across customer records. Signals include unauthorized access, customer impact is broad, and the incident was detected by customer_ticket.",orders,westeurope,security,broad,customer_ticket,461,8311,0.9346,6918,false,true,Critical
INC-00073,Orders security incident in southeastasia,"retry spike with mostly successful automatic recovery. Signals include token misuse, customer impact is internal, and the incident was detected by log_alert.",orders,southeastasia,security,internal,log_alert,17,805,0.04,1092,false,true,Low
INC-00074,Search deployment incident in westus,"retry spike with mostly successful automatic recovery. Signals include configuration drift, customer impact is limited, and the incident was detected by on_call.",search,westus,deployment,limited,on_call,75,879,0.1181,1091,false,false,Low
INC-00075,Orders data quality incident in uksouth,"customer-facing outage with sustained request failures. Signals include missing records, customer impact is limited, and the incident was detected by customer_ticket.",orders,uksouth,data_quality,limited,customer_ticket,98,4553,0.4509,4859,false,false,Critical
INC-00076,Checkout security incident in southeastasia,"brief warning threshold breach with stable customer traffic. Signals include unauthorized access, customer impact is limited, and the incident was detected by log_alert.",checkout,southeastasia,security,limited,log_alert,138,308,0.055,1067,false,false,Medium
INC-00077,Support capacity incident in eastus,"isolated background job delay observed by monitoring. Signals include queue backlog, customer impact is limited, and the incident was detected by synthetic_monitor.",support,eastus,capacity,limited,synthetic_monitor,42,67,0.0151,719,false,false,Medium
INC-00078,Payments latency incident in southeastasia,"deployment regression causing repeated warning alerts. Signals include p95 latency, customer impact is limited, and the incident was detected by log_alert.",payments,southeastasia,latency,limited,log_alert,130,1801,0.1374,1115,false,false,Medium
INC-00079,Notifications data quality incident in centralus,"customer-facing outage with sustained request failures. Signals include schema mismatch, customer impact is global, and the incident was detected by log_alert.",notifications,centralus,data_quality,global,log_alert,530,2599,0.1256,1249,false,false,High
INC-00080,Search dependency incident in southeastasia,"authentication errors blocking active sessions. Signals include third-party failure, customer impact is limited, and the incident was detected by customer_ticket.",search,southeastasia,dependency,limited,customer_ticket,478,2085,0.5642,5468,false,false,High
INC-00081,Search deployment incident in uksouth,"brief warning threshold breach with stable customer traffic. Signals include configuration drift, customer impact is none, and the incident was detected by log_alert.",search,uksouth,deployment,none,log_alert,151,231,0.0969,945,false,true,Low
INC-00082,Identity data quality incident in westus,"widespread outage causing repeated transaction failure. Signals include corrupt payload, customer impact is broad, and the incident was detected by customer_ticket.",identity,westus,data_quality,broad,customer_ticket,235,50360,0.6529,1402,false,false,High
INC-00083,Payments availability incident in eastus,"health probe warning while core transactions continue. Signals include 5xx errors, customer impact is none, and the incident was detected by log_alert.",payments,eastus,availability,none,log_alert,17,690,0.0098,533,false,false,Low
INC-00084,Payments availability incident in centralus,"health probe warning while core transactions continue. Signals include unavailable, customer impact is internal, and the incident was detected by on_call.",payments,centralus,availability,internal,on_call,139,683,0.037,305,false,true,Low
INC-00085,Search latency incident in eastus,"retry spike with mostly successful automatic recovery. Signals include p95 latency, customer impact is none, and the incident was detected by log_alert.",search,eastus,latency,none,log_alert,49,132,0.0456,800,false,false,Low
INC-00086,Search deployment incident in uksouth,"isolated background job delay observed by monitoring. Signals include release regression, customer impact is internal, and the incident was detected by synthetic_monitor.",search,uksouth,deployment,internal,synthetic_monitor,111,296,0.0138,101,false,false,Low
INC-00087,Payments availability incident in westus,"possible data exposure under active investigation. Signals include health probe, customer impact is broad, and the incident was detected by customer_ticket.",payments,westus,availability,broad,customer_ticket,170,27736,0.8451,6462,true,false,High
INC-00088,Search availability incident in centralus,"payment authorization failures affecting checkout. Signals include outage, customer impact is broad, and the incident was detected by log_alert.",search,centralus,availability,broad,log_alert,196,8142,0.1314,2646,false,false,High
INC-00089,Support capacity incident in westeurope,"authentication errors blocking active sessions. Signals include memory pressure, customer impact is broad, and the incident was detected by log_alert.",support,westeurope,capacity,broad,log_alert,504,10990,0.5121,5688,false,false,High
INC-00090,Search dependency incident in uksouth,"customer-facing outage with sustained request failures. Signals include upstream timeout, customer impact is internal, and the incident was detected by on_call.",search,uksouth,dependency,internal,on_call,83,2264,0.2644,2901,false,false,High
INC-00091,Checkout capacity incident in westeurope,"partial feature degradation reported by support. Signals include cpu saturation, customer impact is broad, and the incident was detected by on_call.",checkout,westeurope,capacity,broad,on_call,116,1356,0.1773,2233,false,false,Medium
INC-00092,Identity availability incident in eastus,"data consistency errors detected across customer records. Signals include health probe, customer impact is broad, and the incident was detected by customer_ticket.",identity,eastus,availability,broad,customer_ticket,539,36145,0.5634,3500,false,false,High
INC-00093,Search latency incident in eastus,"payment authorization failures affecting checkout. Signals include p95 latency, customer impact is limited, and the incident was detected by on_call.",search,eastus,latency,limited,on_call,440,9710,0.206,5928,false,false,High
INC-00094,Analytics security incident in westus,"possible data exposure under active investigation. Signals include unauthorized access, customer impact is broad, and the incident was detected by security_alert.",analytics,westus,security,broad,security_alert,407,38429,0.4451,6281,false,true,Critical
INC-00095,Orders latency incident in centralus,"elevated latency and intermittent request failures. Signals include slow responses, customer impact is global, and the incident was detected by on_call.",orders,centralus,latency,global,on_call,135,603,0.0603,1391,false,false,Medium
INC-00096,Identity availability incident in southeastasia,"payment authorization failures affecting checkout. Signals include 5xx errors, customer impact is broad, and the incident was detected by log_alert.",identity,southeastasia,availability,broad,log_alert,214,14741,0.1018,3534,false,false,High
INC-00097,Support availability incident in westus,"regional availability drop with rising support tickets. Signals include outage, customer impact is limited, and the incident was detected by security_alert.",support,westus,availability,limited,security_alert,496,15528,0.4647,3678,false,false,High
INC-00098,Search capacity incident in uksouth,"retry spike with mostly successful automatic recovery. Signals include autoscale lag, customer impact is broad, and the incident was detected by log_alert.",search,uksouth,capacity,broad,log_alert,137,871,0.015,165,false,false,Low
INC-00099,Support deployment incident in centralus,"elevated latency and intermittent request failures. Signals include configuration drift, customer impact is broad, and the incident was detected by customer_ticket.",support,centralus,deployment,broad,customer_ticket,222,2096,0.1172,1761,false,false,High
INC-00100,Identity availability incident in westus,"health probe warning while core transactions continue. Signals include 5xx errors, customer impact is none, and the incident was detected by log_alert.",identity,westus,availability,none,log_alert,125,712,0.0997,857,false,false,Low
INC-00101,Analytics latency incident in eastus,"health probe warning while core transactions continue. Signals include slow responses, customer impact is limited, and the incident was detected by synthetic_monitor.",analytics,eastus,latency,limited,synthetic_monitor,36,48,0.0286,734,false,false,Low
INC-00102,Orders security incident in southeastasia,"brief warning threshold breach with stable customer traffic. Signals include suspicious login, customer impact is none, and the incident was detected by customer_ticket.",orders,southeastasia,security,none,customer_ticket,95,246,0.0685,271,false,true,Medium
INC-00103,Analytics security incident in westeurope,"customer-facing outage with sustained request failures. Signals include suspicious login, customer impact is internal, and the incident was detected by customer_ticket.",analytics,westeurope,security,internal,customer_ticket,427,8711,0.4537,3475,false,true,Medium
INC-00104,Identity capacity incident in eastus,"health probe warning while core transactions continue. Signals include memory pressure, customer impact is none, and the incident was detected by synthetic_monitor.",identity,eastus,capacity,none,synthetic_monitor,49,850,0.0935,555,false,false,Low
INC-00105,Checkout availability incident in westus,"regional availability drop with rising support tickets. Signals include health probe, customer impact is global, and the incident was detected by customer_ticket.",checkout,westus,availability,global,customer_ticket,362,17288,0.2791,4998,false,true,High
INC-00106,Search latency incident in centralus,"retry queue growing after dependency timeout. Signals include timeout, customer impact is internal, and the incident was detected by customer_ticket.",search,centralus,latency,internal,customer_ticket,224,3084,0.1343,1763,false,false,Medium
INC-00107,Analytics dependency incident in eastus,"widespread outage causing repeated transaction failure. Signals include third-party failure, customer impact is broad, and the incident was detected by security_alert.",analytics,eastus,dependency,broad,security_alert,274,37548,0.378,2580,false,false,Critical
INC-00108,Search dependency incident in westeurope,"customer-facing outage with sustained request failures. Signals include circuit breaker, customer impact is internal, and the incident was detected by log_alert.",search,westeurope,dependency,internal,log_alert,406,14652,0.2173,1019,false,false,High
INC-00109,Support availability incident in eastus,"widespread outage causing repeated transaction failure. Signals include outage, customer impact is limited, and the incident was detected by customer_ticket.",support,eastus,availability,limited,customer_ticket,750,25807,0.4333,10193,false,false,High
INC-00110,Search dependency incident in westeurope,"deployment regression causing repeated warning alerts. Signals include upstream timeout, customer impact is limited, and the incident was detected by customer_ticket.",search,westeurope,dependency,limited,customer_ticket,78,146,0.2113,2224,false,false,Medium
INC-00111,Support availability incident in westus,"customer-facing outage with sustained request failures. Signals include health probe, customer impact is limited, and the incident was detected by log_alert.",support,westus,availability,limited,log_alert,507,6057,0.5293,4196,false,false,Medium
INC-00112,Identity availability incident in southeastasia,"partial feature degradation reported by support. Signals include outage, customer impact is limited, and the incident was detected by log_alert.",identity,southeastasia,availability,limited,log_alert,109,1520,0.1523,677,false,false,Medium
INC-00113,Identity security incident in uksouth,"deployment regression causing repeated warning alerts. Signals include policy violation, customer impact is broad, and the incident was detected by synthetic_monitor.",identity,uksouth,security,broad,synthetic_monitor,223,2976,0.2069,2333,false,false,Medium
INC-00114,Search data quality incident in westus,"security alert with confirmed customer-facing symptoms. Signals include missing records, customer impact is global, and the incident was detected by log_alert.",search,westus,data_quality,global,log_alert,745,40321,0.2874,3014,false,false,Critical
INC-00115,Orders deployment incident in centralus,"retry queue growing after dependency timeout. Signals include release regression, customer impact is global, and the incident was detected by on_call.",orders,centralus,deployment,global,on_call,165,363,0.0852,2781,false,false,Medium
INC-00116,Identity dependency incident in westus,"brief warning threshold breach with stable customer traffic. Signals include upstream timeout, customer impact is internal, and the incident was detected by log_alert.",identity,westus,dependency,internal,log_alert,159,345,0.1011,657,false,false,Low
INC-00117,Analytics availability incident in uksouth,"regional availability drop with rising support tickets. Signals include outage, customer impact is broad, and the incident was detected by on_call.",analytics,uksouth,availability,broad,on_call,603,9891,0.401,3024,false,false,High
INC-00118,Support latency incident in westeurope,"isolated background job delay observed by monitoring. Signals include p95 latency, customer impact is internal, and the incident was detected by synthetic_monitor.",support,westeurope,latency,internal,synthetic_monitor,160,147,0.0375,815,false,false,Medium
INC-00119,Support availability incident in eastus,"deployment regression causing repeated warning alerts. Signals include outage, customer impact is internal, and the incident was detected by customer_ticket.",support,eastus,availability,internal,customer_ticket,69,247,0.0955,1753,false,false,Medium
INC-00120,Orders dependency incident in westus,"widespread outage causing repeated transaction failure. Signals include circuit breaker, customer impact is broad, and the incident was detected by on_call.",orders,westus,dependency,broad,on_call,600,59411,0.3899,1279,false,false,High
INC-00121,Support latency incident in uksouth,"brief warning threshold breach with stable customer traffic. Signals include request queue, customer impact is limited, and the incident was detected by on_call.",support,uksouth,latency,limited,on_call,125,292,0.0644,947,false,false,Low
INC-00122,Checkout latency incident in uksouth,"retry queue growing after dependency timeout. Signals include slow responses, customer impact is limited, and the incident was detected by customer_ticket.",checkout,uksouth,latency,limited,customer_ticket,167,341,0.1205,2024,false,false,Medium
INC-00123,Search security incident in westus,"authentication errors blocking active sessions. Signals include policy violation, customer impact is limited, and the incident was detected by on_call.",search,westus,security,limited,on_call,557,1719,0.1027,1672,false,true,Medium
INC-00124,Search deployment incident in westus,"regional availability drop with rising support tickets. Signals include configuration drift, customer impact is broad, and the incident was detected by on_call.",search,westus,deployment,broad,on_call,351,11422,0.3337,4725,true,false,Critical
INC-00125,Notifications data quality incident in southeastasia,"retry spike with mostly successful automatic recovery. Signals include missing records, customer impact is limited, and the incident was detected by on_call.",notifications,southeastasia,data_quality,limited,on_call,157,485,0.0319,751,false,false,Medium
INC-00126,Identity capacity incident in southeastasia,"regional availability drop with rising support tickets. Signals include memory pressure, customer impact is limited, and the incident was detected by on_call.",identity,southeastasia,capacity,limited,on_call,157,6651,0.0895,3119,false,false,High
INC-00127,Checkout security incident in southeastasia,"retry queue growing after dependency timeout. Signals include token misuse, customer impact is internal, and the incident was detected by synthetic_monitor.",checkout,southeastasia,security,internal,synthetic_monitor,186,2752,0.1444,1723,false,true,Medium
INC-00128,Notifications deployment incident in uksouth,"retry queue growing after dependency timeout. Signals include release regression, customer impact is limited, and the incident was detected by log_alert.",notifications,uksouth,deployment,limited,log_alert,162,2325,0.0976,1399,false,false,Medium
INC-00129,Notifications deployment incident in centralus,"retry queue growing after dependency timeout. Signals include rollback, customer impact is internal, and the incident was detected by on_call.",notifications,centralus,deployment,internal,on_call,214,1656,0.2328,779,false,false,Medium
INC-00130,Support availability incident in westus,"partial feature degradation reported by support. Signals include outage, customer impact is internal, and the incident was detected by on_call.",support,westus,availability,internal,on_call,307,2891,0.0906,627,false,false,Medium
INC-00131,Search latency incident in southeastasia,"retry spike with mostly successful automatic recovery. Signals include request queue, customer impact is internal, and the incident was detected by on_call.",search,southeastasia,latency,internal,on_call,40,5,0.1157,1081,false,false,Low
INC-00132,Notifications capacity incident in centralus,"elevated latency and intermittent request failures. Signals include memory pressure, customer impact is internal, and the incident was detected by synthetic_monitor.",notifications,centralus,capacity,internal,synthetic_monitor,65,2711,0.1693,2371,false,false,Medium
INC-00133,Support capacity incident in westus,"customer-facing outage with sustained request failures. Signals include autoscale lag, customer impact is global, and the incident was detected by security_alert.",support,westus,capacity,global,security_alert,341,1627,0.0846,5202,false,false,Critical
INC-00134,Support deployment incident in centralus,"partial feature degradation reported by support. Signals include rollback, customer impact is internal, and the incident was detected by synthetic_monitor.",support,centralus,deployment,internal,synthetic_monitor,103,3034,0.1393,1233,false,false,Medium
INC-00135,Analytics latency incident in westeurope,"retry queue growing after dependency timeout. Signals include timeout, customer impact is limited, and the incident was detected by synthetic_monitor.",analytics,westeurope,latency,limited,synthetic_monitor,68,796,0.2752,2135,false,true,Medium
INC-00136,Checkout availability incident in centralus,"partial feature degradation reported by support. Signals include 5xx errors, customer impact is limited, and the incident was detected by log_alert.",checkout,centralus,availability,limited,log_alert,51,2775,0.0507,1436,false,false,Medium
INC-00137,Notifications security incident in centralus,"data consistency errors detected across customer records. Signals include policy violation, customer impact is broad, and the incident was detected by customer_ticket.",notifications,centralus,security,broad,customer_ticket,226,33138,0.2641,10824,false,true,Critical
INC-00138,Orders capacity incident in southeastasia,"authentication errors blocking active sessions. Signals include cpu saturation, customer impact is broad, and the incident was detected by log_alert.",orders,southeastasia,capacity,broad,log_alert,128,17619,0.3034,6315,false,false,High
INC-00139,Identity availability incident in westus,"security alert with confirmed customer-facing symptoms. Signals include unavailable, customer impact is broad, and the incident was detected by on_call.",identity,westus,availability,broad,on_call,209,46383,0.3064,10454,false,false,High
INC-00140,Checkout data quality incident in uksouth,"retry spike with mostly successful automatic recovery. Signals include missing records, customer impact is internal, and the incident was detected by log_alert.",checkout,uksouth,data_quality,internal,log_alert,10,405,0.0305,83,false,false,Low
INC-00141,Payments deployment incident in westeurope,"retry queue growing after dependency timeout. Signals include bad build, customer impact is none, and the incident was detected by customer_ticket.",payments,westeurope,deployment,none,customer_ticket,89,3176,0.1868,1901,false,false,Low
INC-00142,Identity deployment incident in southeastasia,"retry spike with mostly successful automatic recovery. Signals include rollback, customer impact is limited, and the incident was detected by synthetic_monitor.",identity,southeastasia,deployment,limited,synthetic_monitor,142,402,0.0635,825,false,false,Medium
INC-00143,Analytics data quality incident in westus,"elevated latency and intermittent request failures. Signals include schema mismatch, customer impact is internal, and the incident was detected by customer_ticket.",analytics,westus,data_quality,internal,customer_ticket,161,812,0.2637,642,false,false,Medium
INC-00144,Checkout latency incident in westeurope,"security alert with confirmed customer-facing symptoms. Signals include timeout, customer impact is broad, and the incident was detected by log_alert.",checkout,westeurope,latency,broad,log_alert,139,17838,0.7398,7490,false,false,Critical
INC-00145,Orders deployment incident in southeastasia,"payment authorization failures affecting checkout. Signals include bad build, customer impact is broad, and the incident was detected by on_call.",orders,southeastasia,deployment,broad,on_call,373,8162,0.2309,1723,true,false,High
INC-00146,Analytics capacity incident in uksouth,"data consistency errors detected across customer records. Signals include queue backlog, customer impact is broad, and the incident was detected by security_alert.",analytics,uksouth,capacity,broad,security_alert,748,45797,0.4487,9492,false,false,Critical
INC-00147,Orders latency incident in centralus,"health probe warning while core transactions continue. Signals include timeout, customer impact is limited, and the incident was detected by synthetic_monitor.",orders,centralus,latency,limited,synthetic_monitor,123,59,0.0675,1071,false,false,Low
INC-00148,Search data quality incident in eastus,"brief warning threshold breach with stable customer traffic. Signals include missing records, customer impact is internal, and the incident was detected by log_alert.",search,eastus,data_quality,internal,log_alert,18,274,0.0453,699,false,false,Medium
INC-00149,Search security incident in centralus,"payment authorization failures affecting checkout. Signals include token misuse, customer impact is global, and the incident was detected by synthetic_monitor.",search,centralus,security,global,synthetic_monitor,239,4244,0.4534,4473,false,true,High
INC-00150,Search security incident in centralus,"retry queue growing after dependency timeout. Signals include token misuse, customer impact is internal, and the incident was detected by on_call.",search,centralus,security,internal,on_call,274,1948,0.0456,2103,false,true,Medium
INC-00151,Notifications latency incident in uksouth,"partial feature degradation reported by support. Signals include request queue, customer impact is broad, and the incident was detected by on_call.",notifications,uksouth,latency,broad,on_call,233,1249,0.0596,1531,false,false,Medium
INC-00152,Support data quality incident in southeastasia,"regional availability drop with rising support tickets. Signals include corrupt payload, customer impact is broad, and the incident was detected by on_call.",support,southeastasia,data_quality,broad,on_call,217,11940,0.1646,6450,false,false,Medium
INC-00153,Payments latency incident in southeastasia,"elevated latency and intermittent request failures. Signals include timeout, customer impact is none, and the incident was detected by synthetic_monitor.",payments,southeastasia,latency,none,synthetic_monitor,90,2623,0.0802,798,false,false,High
INC-00154,Support dependency incident in southeastasia,"authentication errors blocking active sessions. Signals include third-party failure, customer impact is broad, and the incident was detected by synthetic_monitor.",support,southeastasia,dependency,broad,synthetic_monitor,609,13878,0.0859,4886,false,true,High
INC-00155,Payments deployment incident in eastus,"regional availability drop with rising support tickets. Signals include rollback, customer impact is broad, and the incident was detected by customer_ticket.",payments,eastus,deployment,broad,customer_ticket,584,8671,0.4876,2739,false,false,High
INC-00156,Payments availability incident in southeastasia,"regional availability drop with rising support tickets. Signals include unavailable, customer impact is global, and the incident was detected by on_call.",payments,southeastasia,availability,global,on_call,77,3463,0.2826,3639,false,false,Medium
INC-00157,Search capacity incident in uksouth,"health probe warning while core transactions continue. Signals include autoscale lag, customer impact is broad, and the incident was detected by log_alert.",search,uksouth,capacity,broad,log_alert,140,43,0.0276,1002,false,false,Low
INC-00158,Checkout security incident in westus,"widespread outage causing repeated transaction failure. Signals include suspicious login, customer impact is global, and the incident was detected by customer_ticket.",checkout,westus,security,global,customer_ticket,302,40271,0.2568,7425,false,true,Critical
INC-00159,Search deployment incident in westeurope,"customer-facing outage with sustained request failures. Signals include rollback, customer impact is broad, and the incident was detected by customer_ticket.",search,westeurope,deployment,broad,customer_ticket,125,16809,0.4527,3383,false,false,High
INC-00160,Analytics deployment incident in centralus,"deployment regression causing repeated warning alerts. Signals include bad build, customer impact is none, and the incident was detected by customer_ticket.",analytics,centralus,deployment,none,customer_ticket,250,2049,0.0793,2445,false,false,Medium
INC-00161,Orders availability incident in southeastasia,"deployment regression causing repeated warning alerts. Signals include health probe, customer impact is none, and the incident was detected by customer_ticket.",orders,southeastasia,availability,none,customer_ticket,214,2955,0.2238,811,false,false,Medium
INC-00162,Payments dependency incident in westus,"widespread outage causing repeated transaction failure. Signals include upstream timeout, customer impact is limited, and the incident was detected by customer_ticket.",payments,westus,dependency,limited,customer_ticket,660,38155,0.5551,2592,true,false,Critical
INC-00163,Notifications data quality incident in westeurope,"deployment regression causing repeated warning alerts. Signals include corrupt payload, customer impact is limited, and the incident was detected by synthetic_monitor.",notifications,westeurope,data_quality,limited,synthetic_monitor,306,1034,0.1687,874,false,false,Medium
INC-00164,Analytics data quality incident in centralus,"retry spike with mostly successful automatic recovery. Signals include schema mismatch, customer impact is internal, and the incident was detected by synthetic_monitor.",analytics,centralus,data_quality,internal,synthetic_monitor,69,252,0.0865,587,false,false,Medium
INC-00165,Search security incident in westeurope,"possible data exposure under active investigation. Signals include policy violation, customer impact is broad, and the incident was detected by log_alert.",search,westeurope,security,broad,log_alert,756,40754,0.2503,6153,false,true,Critical
INC-00166,Support security incident in uksouth,"widespread outage causing repeated transaction failure. Signals include token misuse, customer impact is global, and the incident was detected by customer_ticket.",support,uksouth,security,global,customer_ticket,377,55309,0.7766,6880,false,true,Critical
INC-00167,Support deployment incident in southeastasia,"authentication errors blocking active sessions. Signals include release regression, customer impact is limited, and the incident was detected by log_alert.",support,southeastasia,deployment,limited,log_alert,115,13806,0.4165,1690,false,false,High
INC-00168,Support data quality incident in uksouth,"elevated latency and intermittent request failures. Signals include missing records, customer impact is limited, and the incident was detected by on_call.",support,uksouth,data_quality,limited,on_call,234,2266,0.0296,1652,false,false,Medium
INC-00169,Analytics latency incident in centralus,"partial feature degradation reported by support. Signals include request queue, customer impact is global, and the incident was detected by customer_ticket.",analytics,centralus,latency,global,customer_ticket,25,443,0.0873,2271,false,false,Medium
INC-00170,Checkout availability incident in westeurope,"authentication errors blocking active sessions. Signals include health probe, customer impact is limited, and the incident was detected by customer_ticket.",checkout,westeurope,availability,limited,customer_ticket,132,4203,0.4957,1710,false,false,High
INC-00171,Support latency incident in centralus,"partial feature degradation reported by support. Signals include timeout, customer impact is none, and the incident was detected by synthetic_monitor.",support,centralus,latency,none,synthetic_monitor,78,132,0.2408,627,false,false,Medium
INC-00172,Analytics security incident in southeastasia,"partial feature degradation reported by support. Signals include policy violation, customer impact is internal, and the incident was detected by on_call.",analytics,southeastasia,security,internal,on_call,241,1660,0.0276,2695,false,true,Medium
INC-00173,Payments capacity incident in uksouth,"customer-facing outage with sustained request failures. Signals include autoscale lag, customer impact is limited, and the incident was detected by log_alert.",payments,uksouth,capacity,limited,log_alert,236,12386,0.243,4298,false,false,High
INC-00174,Analytics data quality incident in uksouth,"data consistency errors detected across customer records. Signals include missing records, customer impact is limited, and the incident was detected by customer_ticket.",analytics,uksouth,data_quality,limited,customer_ticket,558,42259,0.2797,11936,false,false,Critical
INC-00175,Identity data quality incident in uksouth,"retry spike with mostly successful automatic recovery. Signals include corrupt payload, customer impact is none, and the incident was detected by on_call.",identity,uksouth,data_quality,none,on_call,152,392,0.0508,578,false,false,Low
INC-00176,Search latency incident in eastus,"deployment regression causing repeated warning alerts. Signals include request queue, customer impact is limited, and the incident was detected by synthetic_monitor.",search,eastus,latency,limited,synthetic_monitor,216,2340,0.1514,2207,false,false,Medium
INC-00177,Orders latency incident in centralus,"health probe warning while core transactions continue. Signals include slow responses, customer impact is none, and the incident was detected by synthetic_monitor.",orders,centralus,latency,none,synthetic_monitor,78,172,0.0937,659,false,false,Medium
INC-00178,Checkout security incident in southeastasia,"payment authorization failures affecting checkout. Signals include suspicious login, customer impact is broad, and the incident was detected by customer_ticket.",checkout,southeastasia,security,broad,customer_ticket,480,3755,0.448,5904,true,false,Medium
INC-00179,Payments latency incident in westus,"partial feature degradation reported by support. Signals include timeout, customer impact is internal, and the incident was detected by log_alert.",payments,westus,latency,internal,log_alert,199,2951,0.1787,1933,false,false,Medium
INC-00180,Identity security incident in centralus,"customer-facing outage with sustained request failures. Signals include token misuse, customer impact is global, and the incident was detected by customer_ticket.",identity,centralus,security,global,customer_ticket,318,17256,0.5727,6114,false,false,High
INC-00181,Identity capacity incident in southeastasia,"security alert with confirmed customer-facing symptoms. Signals include queue backlog, customer impact is global, and the incident was detected by customer_ticket.",identity,southeastasia,capacity,global,customer_ticket,818,22908,0.8111,11979,false,false,Critical
INC-00182,Payments latency incident in westeurope,"customer-facing outage with sustained request failures. Signals include slow responses, customer impact is broad, and the incident was detected by customer_ticket.",payments,westeurope,latency,broad,customer_ticket,422,15299,0.5551,3231,false,false,High
INC-00183,Analytics latency incident in westus,"authentication errors blocking active sessions. Signals include timeout, customer impact is global, and the incident was detected by log_alert.",analytics,westus,latency,global,log_alert,551,9199,0.2414,2873,false,false,High
INC-00184,Payments latency incident in southeastasia,"deployment regression causing repeated warning alerts. Signals include timeout, customer impact is broad, and the incident was detected by customer_ticket.",payments,southeastasia,latency,broad,customer_ticket,83,687,0.1347,182,false,false,Medium
INC-00185,Notifications capacity incident in eastus,"widespread outage causing repeated transaction failure. Signals include queue backlog, customer impact is global, and the incident was detected by customer_ticket.",notifications,eastus,capacity,global,customer_ticket,470,45349,0.8721,3611,false,false,Critical
INC-00186,Payments latency incident in eastus,"customer-facing outage with sustained request failures. Signals include p95 latency, customer impact is limited, and the incident was detected by synthetic_monitor.",payments,eastus,latency,limited,synthetic_monitor,276,17421,0.42,626,false,false,High
INC-00187,Analytics latency incident in eastus,"deployment regression causing repeated warning alerts. Signals include timeout, customer impact is broad, and the incident was detected by synthetic_monitor.",analytics,eastus,latency,broad,synthetic_monitor,180,1545,0.2491,741,false,false,Medium
INC-00188,Identity dependency incident in westeurope,"retry spike with mostly successful automatic recovery. Signals include upstream timeout, customer impact is none, and the incident was detected by synthetic_monitor.",identity,westeurope,dependency,none,synthetic_monitor,43,421,0.0739,533,false,false,Low
INC-00189,Analytics availability incident in centralus,"isolated background job delay observed by monitoring. Signals include unavailable, customer impact is limited, and the incident was detected by synthetic_monitor.",analytics,centralus,availability,limited,synthetic_monitor,26,254,0.0664,694,false,false,Low
INC-00190,Analytics security incident in centralus,"deployment regression causing repeated warning alerts. Signals include unauthorized access, customer impact is limited, and the incident was detected by log_alert.",analytics,centralus,security,limited,log_alert,142,2067,0.1203,1167,false,true,Medium
INC-00191,Analytics availability incident in centralus,"widespread outage causing repeated transaction failure. Signals include unavailable, customer impact is broad, and the incident was detected by customer_ticket.",analytics,centralus,availability,broad,customer_ticket,572,52286,0.1991,10523,true,false,Critical
INC-00192,Analytics security incident in westeurope,"brief warning threshold breach with stable customer traffic. Signals include suspicious login, customer impact is limited, and the incident was detected by synthetic_monitor.",analytics,westeurope,security,limited,synthetic_monitor,142,550,0.0739,364,false,true,Low
INC-00193,Payments data quality incident in centralus,"customer-facing outage with sustained request failures. Signals include schema mismatch, customer impact is broad, and the incident was detected by log_alert.",payments,centralus,data_quality,broad,log_alert,289,2297,0.2022,4109,true,false,Critical
INC-00194,Checkout availability incident in southeastasia,"authentication errors blocking active sessions. Signals include outage, customer impact is limited, and the incident was detected by synthetic_monitor.",checkout,southeastasia,availability,limited,synthetic_monitor,553,11760,0.3415,6454,false,false,High
INC-00195,Checkout availability incident in centralus,"widespread outage causing repeated transaction failure. Signals include 5xx errors, customer impact is global, and the incident was detected by customer_ticket.",checkout,centralus,availability,global,customer_ticket,155,19032,0.717,10347,false,false,Critical
INC-00196,Notifications availability incident in eastus,"elevated latency and intermittent request failures. Signals include unavailable, customer impact is broad, and the incident was detected by on_call.",notifications,eastus,availability,broad,on_call,79,975,0.2126,190,false,false,Medium
INC-00197,Checkout deployment incident in uksouth,"retry queue growing after dependency timeout. Signals include configuration drift, customer impact is broad, and the incident was detected by log_alert.",checkout,uksouth,deployment,broad,log_alert,234,959,0.1037,1884,false,false,Medium
INC-00198,Orders latency incident in uksouth,"isolated background job delay observed by monitoring. Signals include p95 latency, customer impact is global, and the incident was detected by log_alert.",orders,uksouth,latency,global,log_alert,22,898,0.0558,369,false,false,Low
INC-00199,Orders capacity incident in westeurope,"partial feature degradation reported by support. Signals include cpu saturation, customer impact is limited, and the incident was detected by security_alert.",orders,westeurope,capacity,limited,security_alert,120,3040,0.2541,1184,true,false,Medium
INC-00200,Checkout capacity incident in centralus,"deployment regression causing repeated warning alerts. Signals include queue backlog, customer impact is none, and the incident was detected by on_call.",checkout,centralus,capacity,none,on_call,177,465,0.0734,1155,false,false,Medium
INC-00201,Orders latency incident in uksouth,"retry spike with mostly successful automatic recovery. Signals include request queue, customer impact is none, and the incident was detected by log_alert.",orders,uksouth,latency,none,log_alert,122,765,0.0102,177,false,false,Low
INC-00202,Notifications availability incident in centralus,"customer-facing outage with sustained request failures. Signals include outage, customer impact is global, and the incident was detected by customer_ticket.",notifications,centralus,availability,global,customer_ticket,379,10822,0.3064,2463,false,false,Medium
INC-00203,Search data quality incident in westeurope,"brief warning threshold breach with stable customer traffic. Signals include missing records, customer impact is none, and the incident was detected by synthetic_monitor.",search,westeurope,data_quality,none,synthetic_monitor,58,462,0.037,351,false,false,Low
INC-00204,Search latency incident in westus,"authentication errors blocking active sessions. Signals include p95 latency, customer impact is internal, and the incident was detected by customer_ticket.",search,westus,latency,internal,customer_ticket,409,13384,0.3367,6097,false,false,High
INC-00205,Orders security incident in eastus,"possible data exposure under active investigation. Signals include token misuse, customer impact is broad, and the incident was detected by log_alert.",orders,eastus,security,broad,log_alert,233,9759,0.1497,4541,false,false,Critical
INC-00206,Notifications dependency incident in eastus,"customer-facing outage with sustained request failures. Signals include upstream timeout, customer impact is internal, and the incident was detected by synthetic_monitor.",notifications,eastus,dependency,internal,synthetic_monitor,499,4620,0.126,3266,true,false,High
INC-00207,Support dependency incident in eastus,"data consistency errors detected across customer records. Signals include circuit breaker, customer impact is broad, and the incident was detected by customer_ticket.",support,eastus,dependency,broad,customer_ticket,452,15871,0.8757,5405,true,false,Critical
INC-00208,Analytics availability incident in uksouth,"payment authorization failures affecting checkout. Signals include unavailable, customer impact is broad, and the incident was detected by customer_ticket.",analytics,uksouth,availability,broad,customer_ticket,437,4896,0.2896,5814,false,false,High
INC-00209,Search security incident in westeurope,"elevated latency and intermittent request failures. Signals include policy violation, customer impact is internal, and the incident was detected by synthetic_monitor.",search,westeurope,security,internal,synthetic_monitor,132,160,0.2529,1330,false,true,Medium
INC-00210,Orders availability incident in centralus,"security alert with confirmed customer-facing symptoms. Signals include health probe, customer impact is broad, and the incident was detected by log_alert.",orders,centralus,availability,broad,log_alert,844,5464,0.7589,4494,false,false,Critical
INC-00211,Search availability incident in uksouth,"retry spike with mostly successful automatic recovery. Signals include 5xx errors, customer impact is none, and the incident was detected by log_alert.",search,uksouth,availability,none,log_alert,150,577,0.0171,1051,false,false,Low
INC-00212,Checkout dependency incident in uksouth,"retry spike with mostly successful automatic recovery. Signals include third-party failure, customer impact is internal, and the incident was detected by synthetic_monitor.",checkout,uksouth,dependency,internal,synthetic_monitor,56,825,0.0157,814,false,false,Low
INC-00213,Search latency incident in eastus,"payment authorization failures affecting checkout. Signals include timeout, customer impact is limited, and the incident was detected by security_alert.",search,eastus,latency,limited,security_alert,450,3710,0.2483,3192,false,false,High
INC-00214,Search data quality incident in westus,"payment authorization failures affecting checkout. Signals include corrupt payload, customer impact is broad, and the incident was detected by log_alert.",search,westus,data_quality,broad,log_alert,432,10453,0.447,2962,false,false,High
INC-00215,Checkout deployment incident in westus,"security alert with confirmed customer-facing symptoms. Signals include release regression, customer impact is broad, and the incident was detected by security_alert.",checkout,westus,deployment,broad,security_alert,716,16276,0.6581,2605,true,false,Critical
INC-00216,Payments dependency incident in southeastasia,"partial feature degradation reported by support. Signals include upstream timeout, customer impact is limited, and the incident was detected by log_alert.",payments,southeastasia,dependency,limited,log_alert,191,1869,0.023,1038,false,false,Medium
INC-00217,Analytics data quality incident in westus,"deployment regression causing repeated warning alerts. Signals include corrupt payload, customer impact is broad, and the incident was detected by on_call.",analytics,westus,data_quality,broad,on_call,213,1478,0.162,595,true,false,High
INC-00218,Payments data quality incident in eastus,"authentication errors blocking active sessions. Signals include schema mismatch, customer impact is limited, and the incident was detected by log_alert.",payments,eastus,data_quality,limited,log_alert,209,2857,0.3535,1312,false,false,High
INC-00219,Checkout data quality incident in eastus,"payment authorization failures affecting checkout. Signals include missing records, customer impact is limited, and the incident was detected by security_alert.",checkout,eastus,data_quality,limited,security_alert,464,9092,0.4103,2986,false,true,High
INC-00220,Analytics data quality incident in eastus,"payment authorization failures affecting checkout. Signals include stale data, customer impact is limited, and the incident was detected by log_alert.",analytics,eastus,data_quality,limited,log_alert,536,6942,0.1285,2245,false,false,High
INC-00221,Notifications security incident in eastus,"brief warning threshold breach with stable customer traffic. Signals include suspicious login, customer impact is internal, and the incident was detected by synthetic_monitor.",notifications,eastus,security,internal,synthetic_monitor,99,390,0.0443,536,false,true,Low
INC-00222,Payments availability incident in eastus,"regional availability drop with rising support tickets. Signals include 5xx errors, customer impact is broad, and the incident was detected by log_alert.",payments,eastus,availability,broad,log_alert,468,7855,0.3568,3721,false,false,High
INC-00223,Checkout deployment incident in uksouth,"elevated latency and intermittent request failures. Signals include bad build, customer impact is limited, and the incident was detected by on_call.",checkout,uksouth,deployment,limited,on_call,312,2815,0.2755,783,false,false,Medium
INC-00224,Analytics availability incident in eastus,"data consistency errors detected across customer records. Signals include health probe, customer impact is global, and the incident was detected by customer_ticket.",analytics,eastus,availability,global,customer_ticket,932,42905,0.2598,10649,false,false,Critical
INC-00225,Search data quality incident in centralus,"health probe warning while core transactions continue. Signals include missing records, customer impact is internal, and the incident was detected by log_alert.",search,centralus,data_quality,internal,log_alert,8,805,0.084,681,false,false,Low
INC-00226,Payments deployment incident in uksouth,"deployment regression causing repeated warning alerts. Signals include bad build, customer impact is broad, and the incident was detected by log_alert.",payments,uksouth,deployment,broad,log_alert,294,1448,0.2483,1261,false,false,Medium
INC-00227,Analytics dependency incident in eastus,"isolated background job delay observed by monitoring. Signals include third-party failure, customer impact is none, and the incident was detected by log_alert.",analytics,eastus,dependency,none,log_alert,65,50,0.0895,1022,false,true,Low
INC-00228,Payments security incident in westus,"elevated latency and intermittent request failures. Signals include token misuse, customer impact is internal, and the incident was detected by security_alert.",payments,westus,security,internal,security_alert,246,1354,0.09,1887,false,true,Medium
INC-00229,Search security incident in eastus,"elevated latency and intermittent request failures. Signals include token misuse, customer impact is limited, and the incident was detected by synthetic_monitor.",search,eastus,security,limited,synthetic_monitor,179,2946,0.1518,735,false,true,Medium
INC-00230,Search security incident in southeastasia,"customer-facing outage with sustained request failures. Signals include token misuse, customer impact is limited, and the incident was detected by customer_ticket.",search,southeastasia,security,limited,customer_ticket,520,16951,0.2785,1564,false,true,High
INC-00231,Search dependency incident in centralus,"partial feature degradation reported by support. Signals include provider error, customer impact is internal, and the incident was detected by log_alert.",search,centralus,dependency,internal,log_alert,66,1207,0.0271,383,false,false,Low
INC-00232,Checkout data quality incident in southeastasia,"authentication errors blocking active sessions. Signals include stale data, customer impact is none, and the incident was detected by security_alert.",checkout,southeastasia,data_quality,none,security_alert,222,677,0.1919,5533,false,false,High
INC-00233,Analytics security incident in uksouth,"retry queue growing after dependency timeout. Signals include suspicious login, customer impact is internal, and the incident was detected by on_call.",analytics,uksouth,security,internal,on_call,211,2339,0.1883,2674,false,true,Medium
INC-00234,Notifications availability incident in centralus,"elevated latency and intermittent request failures. Signals include 5xx errors, customer impact is limited, and the incident was detected by log_alert.",notifications,centralus,availability,limited,log_alert,172,811,0.059,1164,false,false,Medium
INC-00235,Notifications deployment incident in westeurope,"regional availability drop with rising support tickets. Signals include configuration drift, customer impact is broad, and the incident was detected by log_alert.",notifications,westeurope,deployment,broad,log_alert,239,11644,0.4433,2371,false,false,High
INC-00236,Payments availability incident in westeurope,"customer-facing outage with sustained request failures. Signals include outage, customer impact is limited, and the incident was detected by customer_ticket.",payments,westeurope,availability,limited,customer_ticket,617,6398,0.5535,3299,false,false,High
INC-00237,Notifications availability incident in uksouth,"elevated latency and intermittent request failures. Signals include 5xx errors, customer impact is internal, and the incident was detected by log_alert.",notifications,uksouth,availability,internal,log_alert,260,259,0.2453,2570,false,false,Medium
INC-00238,Checkout data quality incident in westus,"possible data exposure under active investigation. Signals include stale data, customer impact is limited, and the incident was detected by customer_ticket.",checkout,westus,data_quality,limited,customer_ticket,509,39116,0.8632,8396,true,false,Critical
INC-00239,Search deployment incident in southeastasia,"retry spike with mostly successful automatic recovery. Signals include bad build, customer impact is none, and the incident was detected by customer_ticket.",search,southeastasia,deployment,none,customer_ticket,58,779,0.0928,670,false,false,Low
INC-00240,Analytics data quality incident in westeurope,"isolated background job delay observed by monitoring. Signals include corrupt payload, customer impact is none, and the incident was detected by synthetic_monitor.",analytics,westeurope,data_quality,none,synthetic_monitor,56,748,0.0448,94,true,true,Low
INC-00241,Notifications deployment incident in westus,"authentication errors blocking active sessions. Signals include configuration drift, customer impact is limited, and the incident was detected by on_call.",notifications,westus,deployment,limited,on_call,358,5872,0.1126,924,false,false,High
INC-00242,Identity dependency incident in centralus,"elevated latency and intermittent request failures. Signals include provider error, customer impact is global, and the incident was detected by on_call.",identity,centralus,dependency,global,on_call,116,715,0.2665,1832,false,false,Medium
INC-00243,Payments security incident in centralus,"brief warning threshold breach with stable customer traffic. Signals include unauthorized access, customer impact is limited, and the incident was detected by log_alert.",payments,centralus,security,limited,log_alert,101,897,0.0768,869,false,true,Low
INC-00244,Analytics data quality incident in eastus,"brief warning threshold breach with stable customer traffic. Signals include stale data, customer impact is internal, and the incident was detected by customer_ticket.",analytics,eastus,data_quality,internal,customer_ticket,44,210,0.0834,725,true,false,Low
INC-00245,Analytics capacity incident in eastus,"partial feature degradation reported by support. Signals include memory pressure, customer impact is limited, and the incident was detected by on_call.",analytics,eastus,capacity,limited,on_call,164,506,0.224,2218,false,false,Medium
INC-00246,Identity data quality incident in eastus,"widespread outage causing repeated transaction failure. Signals include missing records, customer impact is broad, and the incident was detected by security_alert.",identity,eastus,data_quality,broad,security_alert,794,33300,0.4078,944,false,false,Critical
INC-00247,Payments latency incident in southeastasia,"authentication errors blocking active sessions. Signals include request queue, customer impact is broad, and the incident was detected by security_alert.",payments,southeastasia,latency,broad,security_alert,281,15366,0.5743,2975,false,true,High
INC-00248,Search data quality incident in westeurope,"possible data exposure under active investigation. Signals include stale data, customer impact is global, and the incident was detected by customer_ticket.",search,westeurope,data_quality,global,customer_ticket,866,4807,0.1478,3167,false,false,Critical
INC-00249,Search latency incident in westus,"regional availability drop with rising support tickets. Signals include request queue, customer impact is limited, and the incident was detected by customer_ticket.",search,westus,latency,limited,customer_ticket,512,9307,0.4979,6201,false,false,High
INC-00250,Identity latency incident in eastus,"health probe warning while core transactions continue. Signals include p95 latency, customer impact is none, and the incident was detected by on_call.",identity,eastus,latency,none,on_call,150,694,0.0526,705,false,false,Low
INC-00251,Support capacity incident in westeurope,"widespread outage causing repeated transaction failure. Signals include memory pressure, customer impact is limited, and the incident was detected by customer_ticket.",support,westeurope,capacity,limited,customer_ticket,137,5950,0.3519,6048,false,false,Critical
INC-00252,Payments capacity incident in westeurope,"partial feature degradation reported by support. Signals include cpu saturation, customer impact is limited, and the incident was detected by customer_ticket.",payments,westeurope,capacity,limited,customer_ticket,197,2758,0.1958,1756,false,true,Medium
INC-00253,Identity security incident in eastus,"deployment regression causing repeated warning alerts. Signals include policy violation, customer impact is broad, and the incident was detected by customer_ticket.",identity,eastus,security,broad,customer_ticket,189,1179,0.0331,1092,false,true,Medium
INC-00254,Support latency incident in westeurope,"elevated latency and intermittent request failures. Signals include slow responses, customer impact is limited, and the incident was detected by security_alert.",support,westeurope,latency,limited,security_alert,29,460,0.1249,326,false,false,Medium
INC-00255,Support security incident in centralus,"security alert with confirmed customer-facing symptoms. Signals include suspicious login, customer impact is broad, and the incident was detected by customer_ticket.",support,centralus,security,broad,customer_ticket,318,57133,0.5081,10077,true,true,High
INC-00256,Notifications data quality incident in uksouth,"regional availability drop with rising support tickets. Signals include missing records, customer impact is broad, and the incident was detected by log_alert.",notifications,uksouth,data_quality,broad,log_alert,91,5779,0.3262,6422,true,false,High
INC-00257,Orders latency incident in southeastasia,"brief warning threshold breach with stable customer traffic. Signals include request queue, customer impact is none, and the incident was detected by log_alert.",orders,southeastasia,latency,none,log_alert,16,648,0.1005,682,false,false,Low
INC-00258,Checkout latency incident in uksouth,"payment authorization failures affecting checkout. Signals include timeout, customer impact is global, and the incident was detected by log_alert.",checkout,uksouth,latency,global,log_alert,539,17057,0.4705,2001,false,false,Medium
INC-00259,Analytics deployment incident in uksouth,"regional availability drop with rising support tickets. Signals include release regression, customer impact is global, and the incident was detected by log_alert.",analytics,uksouth,deployment,global,log_alert,325,13437,0.5618,2959,false,false,High
INC-00260,Search dependency incident in southeastasia,"data consistency errors detected across customer records. Signals include provider error, customer impact is global, and the incident was detected by on_call.",search,southeastasia,dependency,global,on_call,312,14965,0.3099,5660,false,false,Critical
INC-00261,Search security incident in southeastasia,"security alert with confirmed customer-facing symptoms. Signals include suspicious login, customer impact is limited, and the incident was detected by customer_ticket.",search,southeastasia,security,limited,customer_ticket,581,39994,0.6022,11830,false,false,Critical
INC-00262,Checkout data quality incident in southeastasia,"brief warning threshold breach with stable customer traffic. Signals include stale data, customer impact is none, and the incident was detected by synthetic_monitor.",checkout,southeastasia,data_quality,none,synthetic_monitor,46,293,0.082,229,false,false,Low
INC-00263,Orders dependency incident in southeastasia,"deployment regression causing repeated warning alerts. Signals include circuit breaker, customer impact is limited, and the incident was detected by customer_ticket.",orders,southeastasia,dependency,limited,customer_ticket,281,2891,0.0948,372,false,false,Medium
INC-00264,Notifications latency incident in westus,"data consistency errors detected across customer records. Signals include timeout, customer impact is broad, and the incident was detected by log_alert.",notifications,westus,latency,broad,log_alert,543,56193,0.3227,11283,false,false,High
INC-00265,Identity dependency incident in westus,"partial feature degradation reported by support. Signals include provider error, customer impact is broad, and the incident was detected by synthetic_monitor.",identity,westus,dependency,broad,synthetic_monitor,40,1795,0.0926,1262,false,false,Medium
INC-00266,Identity latency incident in centralus,"retry queue growing after dependency timeout. Signals include slow responses, customer impact is limited, and the incident was detected by log_alert.",identity,centralus,latency,limited,log_alert,174,2049,0.2254,2433,false,false,Medium
INC-00267,Identity latency incident in westeurope,"isolated background job delay observed by monitoring. Signals include p95 latency, customer impact is internal, and the incident was detected by synthetic_monitor.",identity,westeurope,latency,internal,synthetic_monitor,94,226,0.106,759,false,false,Low
INC-00268,Checkout deployment incident in eastus,"regional availability drop with rising support tickets. Signals include rollback, customer impact is broad, and the incident was detected by on_call.",checkout,eastus,deployment,broad,on_call,294,1706,0.4213,3179,false,false,High
INC-00269,Search capacity incident in uksouth,"authentication errors blocking active sessions. Signals include cpu saturation, customer impact is broad, and the incident was detected by on_call.",search,uksouth,capacity,broad,on_call,89,10113,0.5291,2127,false,false,Medium
INC-00270,Payments latency incident in westus,"security alert with confirmed customer-facing symptoms. Signals include slow responses, customer impact is global, and the incident was detected by log_alert.",payments,westus,latency,global,log_alert,791,29600,0.8169,4268,true,false,Critical
INC-00271,Checkout latency incident in westus,"deployment regression causing repeated warning alerts. Signals include request queue, customer impact is broad, and the incident was detected by on_call.",checkout,westus,latency,broad,on_call,314,972,0.2569,1849,false,false,Medium
INC-00272,Payments security incident in southeastasia,"isolated background job delay observed by monitoring. Signals include suspicious login, customer impact is internal, and the incident was detected by log_alert.",payments,southeastasia,security,internal,log_alert,23,366,0.1114,188,false,true,Low
INC-00273,Checkout dependency incident in westeurope,"data consistency errors detected across customer records. Signals include provider error, customer impact is limited, and the incident was detected by customer_ticket.",checkout,westeurope,dependency,limited,customer_ticket,854,27424,0.7854,9841,false,false,Critical
INC-00274,Checkout security incident in uksouth,"widespread outage causing repeated transaction failure. Signals include suspicious login, customer impact is global, and the incident was detected by customer_ticket.",checkout,uksouth,security,global,customer_ticket,132,2129,0.6039,7356,false,true,Critical
INC-00275,Identity deployment incident in westus,"customer-facing outage with sustained request failures. Signals include bad build, customer impact is limited, and the incident was detected by on_call.",identity,westus,deployment,limited,on_call,303,6767,0.1373,6046,true,false,High
INC-00276,Support availability incident in centralus,"payment authorization failures affecting checkout. Signals include health probe, customer impact is limited, and the incident was detected by log_alert.",support,centralus,availability,limited,log_alert,285,3678,0.2226,1121,false,false,High
INC-00277,Search availability incident in centralus,"regional availability drop with rising support tickets. Signals include health probe, customer impact is global, and the incident was detected by customer_ticket.",search,centralus,availability,global,customer_ticket,365,8466,0.4728,6384,false,false,High
INC-00278,Search security incident in centralus,"payment authorization failures affecting checkout. Signals include suspicious login, customer impact is broad, and the incident was detected by customer_ticket.",search,centralus,security,broad,customer_ticket,128,9595,0.5094,1696,false,true,High
INC-00279,Checkout dependency incident in uksouth,"security alert with confirmed customer-facing symptoms. Signals include provider error, customer impact is broad, and the incident was detected by log_alert.",checkout,uksouth,dependency,broad,log_alert,307,4202,0.5868,9804,false,false,High
INC-00280,Support availability incident in uksouth,"payment authorization failures affecting checkout. Signals include outage, customer impact is broad, and the incident was detected by customer_ticket.",support,uksouth,availability,broad,customer_ticket,559,747,0.4113,5580,false,false,High
INC-00281,Support deployment incident in centralus,"widespread outage causing repeated transaction failure. Signals include release regression, customer impact is limited, and the incident was detected by log_alert.",support,centralus,deployment,limited,log_alert,327,5919,0.3541,4734,false,false,Critical
INC-00282,Checkout deployment incident in southeastasia,"payment authorization failures affecting checkout. Signals include bad build, customer impact is limited, and the incident was detected by log_alert.",checkout,southeastasia,deployment,limited,log_alert,578,9361,0.4974,2707,false,false,Medium
INC-00283,Analytics security incident in westus,"customer-facing outage with sustained request failures. Signals include token misuse, customer impact is broad, and the incident was detected by customer_ticket.",analytics,westus,security,broad,customer_ticket,398,16353,0.4763,5499,false,true,High
INC-00284,Identity latency incident in centralus,"deployment regression causing repeated warning alerts. Signals include request queue, customer impact is limited, and the incident was detected by log_alert.",identity,centralus,latency,limited,log_alert,137,1738,0.2309,644,false,false,Medium
INC-00285,Identity availability incident in uksouth,"customer-facing outage with sustained request failures. Signals include outage, customer impact is broad, and the incident was detected by customer_ticket.",identity,uksouth,availability,broad,customer_ticket,569,1684,0.5254,1753,false,false,High
INC-00286,Checkout security incident in southeastasia,"security alert with confirmed customer-facing symptoms. Signals include token misuse, customer impact is global, and the incident was detected by security_alert.",checkout,southeastasia,security,global,security_alert,177,15994,0.5039,8623,false,true,Critical
INC-00287,Notifications capacity incident in westus,"health probe warning while core transactions continue. Signals include queue backlog, customer impact is limited, and the incident was detected by synthetic_monitor.",notifications,westus,capacity,limited,synthetic_monitor,121,610,0.0709,315,false,false,Low
INC-00288,Identity dependency incident in uksouth,"customer-facing outage with sustained request failures. Signals include circuit breaker, customer impact is internal, and the incident was detected by on_call.",identity,uksouth,dependency,internal,on_call,84,17813,0.3317,1512,false,false,Medium
INC-00289,Analytics deployment incident in uksouth,"health probe warning while core transactions continue. Signals include bad build, customer impact is internal, and the incident was detected by log_alert.",analytics,uksouth,deployment,internal,log_alert,140,439,0.0275,901,false,false,Medium
INC-00290,Analytics security incident in westus,"security alert with confirmed customer-facing symptoms. Signals include suspicious login, customer impact is broad, and the incident was detected by log_alert.",analytics,westus,security,broad,log_alert,175,20364,0.6246,9808,false,true,Critical
INC-00291,Checkout latency incident in westeurope,"regional availability drop with rising support tickets. Signals include p95 latency, customer impact is broad, and the incident was detected by log_alert.",checkout,westeurope,latency,broad,log_alert,368,13797,0.2611,1817,false,false,High
INC-00292,Analytics deployment incident in westus,"deployment regression causing repeated warning alerts. Signals include configuration drift, customer impact is limited, and the incident was detected by log_alert.",analytics,westus,deployment,limited,log_alert,267,772,0.1163,2452,false,false,Medium
INC-00293,Payments availability incident in southeastasia,"authentication errors blocking active sessions. Signals include unavailable, customer impact is limited, and the incident was detected by log_alert.",payments,southeastasia,availability,limited,log_alert,210,3685,0.1872,3831,false,false,High
INC-00294,Analytics latency incident in eastus,"health probe warning while core transactions continue. Signals include p95 latency, customer impact is none, and the incident was detected by synthetic_monitor.",analytics,eastus,latency,none,synthetic_monitor,25,623,0.0045,473,false,false,Low
INC-00295,Support security incident in eastus,"possible data exposure under active investigation. Signals include token misuse, customer impact is broad, and the incident was detected by on_call.",support,eastus,security,broad,on_call,913,35757,0.3717,1450,false,true,Critical
INC-00296,Notifications availability incident in westeurope,"widespread outage causing repeated transaction failure. Signals include health probe, customer impact is broad, and the incident was detected by customer_ticket.",notifications,westeurope,availability,broad,customer_ticket,690,14927,0.5594,2024,false,false,High
INC-00297,Orders capacity incident in uksouth,"deployment regression causing repeated warning alerts. Signals include cpu saturation, customer impact is global, and the incident was detected by customer_ticket.",orders,uksouth,capacity,global,customer_ticket,226,2394,0.0212,896,false,false,Medium
INC-00298,Notifications security incident in uksouth,"retry spike with mostly successful automatic recovery. Signals include suspicious login, customer impact is limited, and the incident was detected by on_call.",notifications,uksouth,security,limited,on_call,118,386,0.0676,868,false,false,Medium
INC-00299,Payments latency incident in centralus,"deployment regression causing repeated warning alerts. Signals include p95 latency, customer impact is none, and the incident was detected by on_call.",payments,centralus,latency,none,on_call,132,2812,0.2023,1473,true,false,Medium
INC-00300,Search latency incident in eastus,"authentication errors blocking active sessions. Signals include timeout, customer impact is broad, and the incident was detected by customer_ticket.",search,eastus,latency,broad,customer_ticket,366,11984,0.1893,5249,false,false,High
INC-00301,Orders availability incident in centralus,"widespread outage causing repeated transaction failure. Signals include unavailable, customer impact is broad, and the incident was detected by customer_ticket.",orders,centralus,availability,broad,customer_ticket,345,56610,0.6411,3455,false,false,Critical
INC-00302,Checkout capacity incident in westeurope,"authentication errors blocking active sessions. Signals include queue backlog, customer impact is limited, and the incident was detected by customer_ticket.",checkout,westeurope,capacity,limited,customer_ticket,326,16482,0.1714,4737,false,false,High
INC-00303,Checkout security incident in uksouth,"health probe warning while core transactions continue. Signals include suspicious login, customer impact is none, and the incident was detected by log_alert.",checkout,uksouth,security,none,log_alert,49,468,0.1172,795,false,true,Low
INC-00304,Notifications availability incident in westus,"health probe warning while core transactions continue. Signals include 5xx errors, customer impact is internal, and the incident was detected by synthetic_monitor.",notifications,westus,availability,internal,synthetic_monitor,125,627,0.0412,268,false,false,Low
INC-00305,Identity availability incident in uksouth,"deployment regression causing repeated warning alerts. Signals include 5xx errors, customer impact is internal, and the incident was detected by on_call.",identity,uksouth,availability,internal,on_call,137,449,0.2074,1145,false,false,Medium
INC-00306,Analytics latency incident in westeurope,"authentication errors blocking active sessions. Signals include p95 latency, customer impact is limited, and the incident was detected by log_alert.",analytics,westeurope,latency,limited,log_alert,574,17897,0.4403,4536,false,false,High
INC-00307,Notifications latency incident in westeurope,"retry queue growing after dependency timeout. Signals include p95 latency, customer impact is broad, and the incident was detected by synthetic_monitor.",notifications,westeurope,latency,broad,synthetic_monitor,191,1104,0.1139,2475,false,true,Medium
INC-00308,Identity availability incident in centralus,"security alert with confirmed customer-facing symptoms. Signals include health probe, customer impact is broad, and the incident was detected by on_call.",identity,centralus,availability,broad,on_call,589,52573,0.7366,2184,false,false,Critical
INC-00309,Analytics capacity incident in southeastasia,"data consistency errors detected across customer records. Signals include autoscale lag, customer impact is broad, and the incident was detected by customer_ticket.",analytics,southeastasia,capacity,broad,customer_ticket,163,6984,0.2712,4639,false,false,Critical
INC-00310,Search deployment incident in southeastasia,"payment authorization failures affecting checkout. Signals include release regression, customer impact is broad, and the incident was detected by security_alert.",search,southeastasia,deployment,broad,security_alert,468,5882,0.1719,739,false,false,High
INC-00311,Payments latency incident in eastus,"elevated latency and intermittent request failures. Signals include slow responses, customer impact is none, and the incident was detected by log_alert.",payments,eastus,latency,none,log_alert,300,260,0.0269,1806,false,false,High
INC-00312,Orders data quality incident in southeastasia,"widespread outage causing repeated transaction failure. Signals include stale data, customer impact is broad, and the incident was detected by on_call.",orders,southeastasia,data_quality,broad,on_call,224,36320,0.8192,1368,false,false,High
INC-00313,Notifications security incident in uksouth,"regional availability drop with rising support tickets. Signals include suspicious login, customer impact is broad, and the incident was detected by security_alert.",notifications,uksouth,security,broad,security_alert,597,6201,0.3754,4290,false,false,Medium
INC-00314,Analytics availability incident in centralus,"isolated background job delay observed by monitoring. Signals include health probe, customer impact is none, and the incident was detected by synthetic_monitor.",analytics,centralus,availability,none,synthetic_monitor,138,834,0.091,219,true,false,Low
INC-00315,Checkout data quality incident in westeurope,"security alert with confirmed customer-facing symptoms. Signals include schema mismatch, customer impact is global, and the incident was detected by on_call.",checkout,westeurope,data_quality,global,on_call,905,2273,0.5841,3989,true,false,Critical
INC-00316,Notifications data quality incident in eastus,"authentication errors blocking active sessions. Signals include schema mismatch, customer impact is broad, and the incident was detected by customer_ticket.",notifications,eastus,data_quality,broad,customer_ticket,323,9728,0.4042,4907,true,false,High
INC-00317,Support security incident in centralus,"brief warning threshold breach with stable customer traffic. Signals include token misuse, customer impact is limited, and the incident was detected by customer_ticket.",support,centralus,security,limited,customer_ticket,87,19,0.0183,1072,false,false,Low
INC-00318,Payments latency incident in westus,"isolated background job delay observed by monitoring. Signals include request queue, customer impact is none, and the incident was detected by synthetic_monitor.",payments,westus,latency,none,synthetic_monitor,112,319,0.0943,590,false,false,Low
INC-00319,Notifications latency incident in westeurope,"brief warning threshold breach with stable customer traffic. Signals include slow responses, customer impact is none, and the incident was detected by customer_ticket.",notifications,westeurope,latency,none,customer_ticket,54,861,0.03,470,false,false,Low
INC-00320,Checkout availability incident in westus,"authentication errors blocking active sessions. Signals include health probe, customer impact is broad, and the incident was detected by log_alert.",checkout,westus,availability,broad,log_alert,578,7230,0.3164,6132,false,false,Medium
INC-00321,Support latency incident in southeastasia,"regional availability drop with rising support tickets. Signals include p95 latency, customer impact is limited, and the incident was detected by customer_ticket.",support,southeastasia,latency,limited,customer_ticket,98,7536,0.5666,2483,false,true,High
INC-00322,Checkout availability incident in uksouth,"partial feature degradation reported by support. Signals include 5xx errors, customer impact is broad, and the incident was detected by customer_ticket.",checkout,uksouth,availability,broad,customer_ticket,99,1561,0.2204,1198,false,false,Medium
INC-00323,Checkout security incident in centralus,"data consistency errors detected across customer records. Signals include suspicious login, customer impact is global, and the incident was detected by log_alert.",checkout,centralus,security,global,log_alert,900,8838,0.2419,4712,false,true,Critical
INC-00324,Identity availability incident in centralus,"health probe warning while core transactions continue. Signals include outage, customer impact is limited, and the incident was detected by customer_ticket.",identity,centralus,availability,limited,customer_ticket,117,572,0.0354,793,false,false,Low
INC-00325,Identity deployment incident in eastus,"deployment regression causing repeated warning alerts. Signals include release regression, customer impact is limited, and the incident was detected by customer_ticket.",identity,eastus,deployment,limited,customer_ticket,154,2258,0.1154,182,false,false,Medium
INC-00326,Payments availability incident in southeastasia,"partial feature degradation reported by support. Signals include health probe, customer impact is global, and the incident was detected by log_alert.",payments,southeastasia,availability,global,log_alert,117,2186,0.1976,2438,false,false,Medium
INC-00327,Identity latency incident in westus,"health probe warning while core transactions continue. Signals include request queue, customer impact is limited, and the incident was detected by synthetic_monitor.",identity,westus,latency,limited,synthetic_monitor,129,196,0.0119,664,false,false,Low
INC-00328,Payments dependency incident in eastus,"elevated latency and intermittent request failures. Signals include third-party failure, customer impact is broad, and the incident was detected by synthetic_monitor.",payments,eastus,dependency,broad,synthetic_monitor,271,367,0.1417,2797,false,false,Medium
INC-00329,Notifications capacity incident in uksouth,"elevated latency and intermittent request failures. Signals include cpu saturation, customer impact is none, and the incident was detected by synthetic_monitor.",notifications,uksouth,capacity,none,synthetic_monitor,175,359,0.2656,2307,false,false,Medium
INC-00330,Identity latency incident in uksouth,"health probe warning while core transactions continue. Signals include request queue, customer impact is limited, and the incident was detected by synthetic_monitor.",identity,uksouth,latency,limited,synthetic_monitor,32,784,0.0766,446,false,false,Low
INC-00331,Identity availability incident in uksouth,"isolated background job delay observed by monitoring. Signals include health probe, customer impact is global, and the incident was detected by customer_ticket.",identity,uksouth,availability,global,customer_ticket,95,322,0.066,1100,false,false,Low
INC-00332,Orders availability incident in westeurope,"regional availability drop with rising support tickets. Signals include unavailable, customer impact is broad, and the incident was detected by security_alert.",orders,westeurope,availability,broad,security_alert,305,12196,0.5608,4215,false,false,High
INC-00333,Notifications deployment incident in eastus,"partial feature degradation reported by support. Signals include rollback, customer impact is limited, and the incident was detected by synthetic_monitor.",notifications,eastus,deployment,limited,synthetic_monitor,181,128,0.2206,1310,false,true,Medium
INC-00334,Orders dependency incident in centralus,"brief warning threshold breach with stable customer traffic. Signals include third-party failure, customer impact is limited, and the incident was detected by synthetic_monitor.",orders,centralus,dependency,limited,synthetic_monitor,107,582,0.1101,831,false,false,Low
INC-00335,Payments dependency incident in uksouth,"authentication errors blocking active sessions. Signals include circuit breaker, customer impact is broad, and the incident was detected by synthetic_monitor.",payments,uksouth,dependency,broad,synthetic_monitor,435,2971,0.4701,3289,false,false,High
INC-00336,Checkout security incident in southeastasia,"possible data exposure under active investigation. Signals include suspicious login, customer impact is global, and the incident was detected by customer_ticket.",checkout,southeastasia,security,global,customer_ticket,402,36165,0.1734,9746,false,true,Critical
INC-00337,Support data quality incident in uksouth,"retry spike with mostly successful automatic recovery. Signals include stale data, customer impact is internal, and the incident was detected by synthetic_monitor.",support,uksouth,data_quality,internal,synthetic_monitor,115,296,0.0944,231,false,false,Low
INC-00338,Analytics latency incident in southeastasia,"retry spike with mostly successful automatic recovery. Signals include timeout, customer impact is none, and the incident was detected by synthetic_monitor.",analytics,southeastasia,latency,none,synthetic_monitor,148,202,0.0585,747,false,false,Low
INC-00339,Payments dependency incident in southeastasia,"retry queue growing after dependency timeout. Signals include provider error, customer impact is limited, and the incident was detected by customer_ticket.",payments,southeastasia,dependency,limited,customer_ticket,117,1353,0.1096,279,false,false,Medium
INC-00340,Checkout availability incident in westus,"widespread outage causing repeated transaction failure. Signals include outage, customer impact is limited, and the incident was detected by customer_ticket.",checkout,westus,availability,limited,customer_ticket,865,49542,0.8307,2741,false,false,Critical
INC-00341,Payments latency incident in centralus,"data consistency errors detected across customer records. Signals include request queue, customer impact is broad, and the incident was detected by synthetic_monitor.",payments,centralus,latency,broad,synthetic_monitor,304,50297,0.5758,4239,false,false,Critical
INC-00342,Checkout data quality incident in centralus,"customer-facing outage with sustained request failures. Signals include schema mismatch, customer impact is limited, and the incident was detected by customer_ticket.",checkout,centralus,data_quality,limited,customer_ticket,322,2139,0.3125,618,false,false,High
INC-00343,Notifications availability incident in southeastasia,"security alert with confirmed customer-facing symptoms. Signals include unavailable, customer impact is broad, and the incident was detected by security_alert.",notifications,southeastasia,availability,broad,security_alert,610,48310,0.2207,6068,false,false,Critical
INC-00344,Orders latency incident in uksouth,"authentication errors blocking active sessions. Signals include p95 latency, customer impact is limited, and the incident was detected by on_call.",orders,uksouth,latency,limited,on_call,205,1002,0.2534,3432,false,false,Medium
INC-00345,Analytics dependency incident in eastus,"partial feature degradation reported by support. Signals include upstream timeout, customer impact is global, and the incident was detected by log_alert.",analytics,eastus,dependency,global,log_alert,135,661,0.1089,1789,false,false,Medium
INC-00346,Analytics dependency incident in westus,"payment authorization failures affecting checkout. Signals include provider error, customer impact is broad, and the incident was detected by on_call.",analytics,westus,dependency,broad,on_call,364,11190,0.3046,1629,false,false,High
INC-00347,Identity capacity incident in westeurope,"retry spike with mostly successful automatic recovery. Signals include autoscale lag, customer impact is global, and the incident was detected by log_alert.",identity,westeurope,capacity,global,log_alert,42,671,0.112,1019,false,false,Low
INC-00348,Identity capacity incident in southeastasia,"authentication errors blocking active sessions. Signals include memory pressure, customer impact is internal, and the incident was detected by customer_ticket.",identity,southeastasia,capacity,internal,customer_ticket,468,13875,0.2317,5767,false,false,High
INC-00349,Notifications dependency incident in uksouth,"brief warning threshold breach with stable customer traffic. Signals include circuit breaker, customer impact is internal, and the incident was detected by synthetic_monitor.",notifications,uksouth,dependency,internal,synthetic_monitor,64,236,0.0825,447,false,false,Low
INC-00350,Analytics latency incident in westeurope,"retry queue growing after dependency timeout. Signals include request queue, customer impact is limited, and the incident was detected by synthetic_monitor.",analytics,westeurope,latency,limited,synthetic_monitor,135,172,0.1262,241,false,false,Medium
INC-00351,Support latency incident in uksouth,"brief warning threshold breach with stable customer traffic. Signals include request queue, customer impact is internal, and the incident was detected by synthetic_monitor.",support,uksouth,latency,internal,synthetic_monitor,122,252,0.0513,874,false,false,Low
INC-00352,Checkout security incident in uksouth,"security alert with confirmed customer-facing symptoms. Signals include unauthorized access, customer impact is limited, and the incident was detected by customer_ticket.",checkout,uksouth,security,limited,customer_ticket,133,59326,0.9466,9398,false,true,Critical
INC-00353,Analytics availability incident in centralus,"partial feature degradation reported by support. Signals include 5xx errors, customer impact is broad, and the incident was detected by customer_ticket.",analytics,centralus,availability,broad,customer_ticket,105,1770,0.0965,403,false,false,High
INC-00354,Identity capacity incident in westeurope,"deployment regression causing repeated warning alerts. Signals include cpu saturation, customer impact is limited, and the incident was detected by customer_ticket.",identity,westeurope,capacity,limited,customer_ticket,111,1898,0.1735,1007,false,false,High
INC-00355,Payments dependency incident in eastus,"possible data exposure under active investigation. Signals include circuit breaker, customer impact is limited, and the incident was detected by customer_ticket.",payments,eastus,dependency,limited,customer_ticket,461,7390,0.5643,7192,true,false,Critical
INC-00356,Identity deployment incident in westus,"health probe warning while core transactions continue. Signals include configuration drift, customer impact is limited, and the incident was detected by synthetic_monitor.",identity,westus,deployment,limited,synthetic_monitor,18,429,0.037,827,false,false,Low
INC-00357,Notifications dependency incident in eastus,"health probe warning while core transactions continue. Signals include provider error, customer impact is internal, and the incident was detected by log_alert.",notifications,eastus,dependency,internal,log_alert,144,826,0.0007,983,false,false,Low
INC-00358,Checkout dependency incident in westus,"elevated latency and intermittent request failures. Signals include third-party failure, customer impact is broad, and the incident was detected by customer_ticket.",checkout,westus,dependency,broad,customer_ticket,305,890,0.0327,787,false,true,Medium
INC-00359,Payments availability incident in eastus,"payment authorization failures affecting checkout. Signals include 5xx errors, customer impact is limited, and the incident was detected by security_alert.",payments,eastus,availability,limited,security_alert,210,9718,0.3855,6214,false,false,High
INC-00360,Analytics availability incident in eastus,"isolated background job delay observed by monitoring. Signals include health probe, customer impact is limited, and the incident was detected by log_alert.",analytics,eastus,availability,limited,log_alert,21,299,0.0565,204,false,false,Low
INC-00361,Payments latency incident in westeurope,"authentication errors blocking active sessions. Signals include p95 latency, customer impact is broad, and the incident was detected by on_call.",payments,westeurope,latency,broad,on_call,339,14393,0.3844,3142,false,false,High
INC-00362,Identity security incident in uksouth,"elevated latency and intermittent request failures. Signals include token misuse, customer impact is internal, and the incident was detected by customer_ticket.",identity,uksouth,security,internal,customer_ticket,119,46,0.0507,2084,false,true,Medium
INC-00363,Orders dependency incident in eastus,"retry queue growing after dependency timeout. Signals include upstream timeout, customer impact is limited, and the incident was detected by log_alert.",orders,eastus,dependency,limited,log_alert,150,317,0.1,2255,false,false,Medium
INC-00364,Identity deployment incident in westus,"deployment regression causing repeated warning alerts. Signals include release regression, customer impact is limited, and the incident was detected by customer_ticket.",identity,westus,deployment,limited,customer_ticket,265,1983,0.2273,736,false,false,Medium
INC-00365,Analytics capacity incident in southeastasia,"elevated latency and intermittent request failures. Signals include memory pressure, customer impact is none, and the incident was detected by on_call.",analytics,southeastasia,capacity,none,on_call,309,3009,0.1963,2454,false,false,Medium
INC-00366,Identity latency incident in centralus,"security alert with confirmed customer-facing symptoms. Signals include timeout, customer impact is global, and the incident was detected by customer_ticket.",identity,centralus,latency,global,customer_ticket,474,42859,0.5728,3619,false,false,Critical
INC-00367,Checkout data quality incident in centralus,"payment authorization failures affecting checkout. Signals include stale data, customer impact is broad, and the incident was detected by on_call.",checkout,centralus,data_quality,broad,on_call,288,12576,0.306,3029,false,false,High
INC-00368,Checkout latency incident in westeurope,"isolated background job delay observed by monitoring. Signals include p95 latency, customer impact is limited, and the incident was detected by synthetic_monitor.",checkout,westeurope,latency,limited,synthetic_monitor,92,495,0.0879,616,false,false,Low
INC-00369,Identity security incident in westus,"data consistency errors detected across customer records. Signals include unauthorized access, customer impact is global, and the incident was detected by customer_ticket.",identity,westus,security,global,customer_ticket,820,58476,0.5631,967,false,true,High
INC-00370,Notifications latency incident in eastus,"isolated background job delay observed by monitoring. Signals include p95 latency, customer impact is internal, and the incident was detected by synthetic_monitor.",notifications,eastus,latency,internal,synthetic_monitor,58,328,0.0241,373,false,false,Low
INC-00371,Payments latency incident in westus,"partial feature degradation reported by support. Signals include timeout, customer impact is limited, and the incident was detected by on_call.",payments,westus,latency,limited,on_call,158,619,0.2653,1340,false,false,Medium
INC-00372,Support latency incident in southeastasia,"deployment regression causing repeated warning alerts. Signals include p95 latency, customer impact is none, and the incident was detected by customer_ticket.",support,southeastasia,latency,none,customer_ticket,64,1786,0.1219,2621,false,false,Medium
INC-00373,Support security incident in uksouth,"regional availability drop with rising support tickets. Signals include policy violation, customer impact is limited, and the incident was detected by log_alert.",support,uksouth,security,limited,log_alert,524,3587,0.3078,6157,false,true,High
INC-00374,Analytics capacity incident in westus,"security alert with confirmed customer-facing symptoms. Signals include cpu saturation, customer impact is global, and the incident was detected by on_call.",analytics,westus,capacity,global,on_call,897,58212,0.8547,8326,true,true,Critical
INC-00375,Search availability incident in uksouth,"elevated latency and intermittent request failures. Signals include health probe, customer impact is limited, and the incident was detected by on_call.",search,uksouth,availability,limited,on_call,227,2965,0.2272,1514,false,false,Medium
INC-00376,Support dependency incident in westeurope,"partial feature degradation reported by support. Signals include provider error, customer impact is none, and the incident was detected by synthetic_monitor.",support,westeurope,dependency,none,synthetic_monitor,240,1823,0.1675,1581,false,false,Medium
INC-00377,Support data quality incident in centralus,"widespread outage causing repeated transaction failure. Signals include schema mismatch, customer impact is broad, and the incident was detected by security_alert.",support,centralus,data_quality,broad,security_alert,270,21987,0.9143,2040,false,false,Critical
INC-00378,Checkout latency incident in westus,"retry spike with mostly successful automatic recovery. Signals include timeout, customer impact is internal, and the incident was detected by customer_ticket.",checkout,westus,latency,internal,customer_ticket,79,399,0.0739,537,false,false,Low
INC-00379,Analytics availability incident in southeastasia,"regional availability drop with rising support tickets. Signals include outage, customer impact is global, and the incident was detected by customer_ticket.",analytics,southeastasia,availability,global,customer_ticket,136,666,0.3857,4731,true,false,Medium
INC-00380,Search latency incident in eastus,"data consistency errors detected across customer records. Signals include request queue, customer impact is global, and the incident was detected by security_alert.",search,eastus,latency,global,security_alert,330,30092,0.7088,7359,false,false,Critical
INC-00381,Analytics latency incident in centralus,"brief warning threshold breach with stable customer traffic. Signals include timeout, customer impact is limited, and the incident was detected by synthetic_monitor.",analytics,centralus,latency,limited,synthetic_monitor,37,137,0.0014,743,false,false,Low
INC-00382,Analytics latency incident in westeurope,"regional availability drop with rising support tickets. Signals include request queue, customer impact is global, and the incident was detected by log_alert.",analytics,westeurope,latency,global,log_alert,480,6291,0.3072,4024,false,false,Medium
INC-00383,Orders capacity incident in southeastasia,"regional availability drop with rising support tickets. Signals include autoscale lag, customer impact is broad, and the incident was detected by customer_ticket.",orders,southeastasia,capacity,broad,customer_ticket,604,12424,0.0967,860,false,false,High
INC-00384,Notifications dependency incident in westeurope,"customer-facing outage with sustained request failures. Signals include third-party failure, customer impact is broad, and the incident was detected by on_call.",notifications,westeurope,dependency,broad,on_call,135,8435,0.3162,5987,false,false,High
INC-00385,Support data quality incident in uksouth,"isolated background job delay observed by monitoring. Signals include stale data, customer impact is limited, and the incident was detected by customer_ticket.",support,uksouth,data_quality,limited,customer_ticket,80,296,0.0201,791,false,false,Medium
INC-00386,Checkout deployment incident in centralus,"retry spike with mostly successful automatic recovery. Signals include configuration drift, customer impact is internal, and the incident was detected by synthetic_monitor.",checkout,centralus,deployment,internal,synthetic_monitor,24,871,0.0941,338,false,false,Low
INC-00387,Identity deployment incident in southeastasia,"customer-facing outage with sustained request failures. Signals include configuration drift, customer impact is broad, and the incident was detected by log_alert.",identity,southeastasia,deployment,broad,log_alert,312,8139,0.3225,4870,false,false,High
INC-00388,Analytics capacity incident in westeurope,"elevated latency and intermittent request failures. Signals include autoscale lag, customer impact is internal, and the incident was detected by customer_ticket.",analytics,westeurope,capacity,internal,customer_ticket,105,903,0.1702,1593,false,false,Medium
INC-00389,Orders availability incident in westeurope,"brief warning threshold breach with stable customer traffic. Signals include health probe, customer impact is internal, and the incident was detected by synthetic_monitor.",orders,westeurope,availability,internal,synthetic_monitor,72,148,0.0637,525,false,false,Low
INC-00390,Checkout security incident in eastus,"data consistency errors detected across customer records. Signals include suspicious login, customer impact is global, and the incident was detected by on_call.",checkout,eastus,security,global,on_call,954,30097,0.6345,11583,false,true,High
INC-00391,Orders data quality incident in southeastasia,"retry queue growing after dependency timeout. Signals include missing records, customer impact is limited, and the incident was detected by log_alert.",orders,southeastasia,data_quality,limited,log_alert,286,1422,0.1962,916,false,false,Medium
INC-00392,Support latency incident in centralus,"brief warning threshold breach with stable customer traffic. Signals include timeout, customer impact is none, and the incident was detected by synthetic_monitor.",support,centralus,latency,none,synthetic_monitor,54,34,0.0028,174,false,false,Low
INC-00393,Identity deployment incident in westeurope,"retry queue growing after dependency timeout. Signals include configuration drift, customer impact is limited, and the incident was detected by log_alert.",identity,westeurope,deployment,limited,log_alert,309,796,0.253,934,false,false,High
INC-00394,Analytics availability incident in southeastasia,"data consistency errors detected across customer records. Signals include unavailable, customer impact is global, and the incident was detected by log_alert.",analytics,southeastasia,availability,global,log_alert,421,18664,0.2712,2112,false,false,High
INC-00395,Support availability incident in eastus,"partial feature degradation reported by support. Signals include 5xx errors, customer impact is limited, and the incident was detected by log_alert.",support,eastus,availability,limited,log_alert,221,770,0.1878,624,false,false,Low
INC-00396,Payments availability incident in eastus,"widespread outage causing repeated transaction failure. Signals include unavailable, customer impact is broad, and the incident was detected by customer_ticket.",payments,eastus,availability,broad,customer_ticket,546,3029,0.8662,3338,false,false,Critical
INC-00397,Support security incident in westeurope,"possible data exposure under active investigation. Signals include unauthorized access, customer impact is broad, and the incident was detected by security_alert.",support,westeurope,security,broad,security_alert,889,55033,0.7762,9749,false,true,High
INC-00398,Search security incident in centralus,"elevated latency and intermittent request failures. Signals include policy violation, customer impact is limited, and the incident was detected by customer_ticket.",search,centralus,security,limited,customer_ticket,66,1536,0.159,1572,false,true,High
INC-00399,Orders deployment incident in centralus,"health probe warning while core transactions continue. Signals include release regression, customer impact is internal, and the incident was detected by log_alert.",orders,centralus,deployment,internal,log_alert,96,498,0.0102,727,false,false,Low
INC-00400,Payments security incident in uksouth,"authentication errors blocking active sessions. Signals include unauthorized access, customer impact is broad, and the incident was detected by on_call.",payments,uksouth,security,broad,on_call,505,937,0.0985,1009,false,true,High
